{
  "targets": [
    { "name": "timestamp", "width": 1, "height": 1 },
    { "name": "timestampSwap", "width": 1, "height": 1 },
    "output",
    "color_holder",

    "swap",
    "final"
  ],
  "passes": [
    {
      "name": "entity_outline",
      "intarget": "final",
      "outtarget": "swap"
    },

    {
      "name": "outline/color_extractor",
      "intarget": "final",
      "outtarget": "color_holder"
    },
    {
      "name": "outline/copy",
      "intarget": "timestamp",
      "outtarget": "timestampSwap"
    },
    {
      "name": "outline/timestamp",
      "intarget": "timestampSwap",
      "outtarget": "timestamp",

      "auxtargets": [
        {
          "name": "ColorSampler",
          "id": "color_holder"
        }
      ]
    },

    {
      "name": "entity_outline_box_blur",
      "intarget": "swap",
      "outtarget": "final",
      "use_linear_filter": true,
      "uniforms": [
        {
          "name": "BlurDir",
          "values": [1, 0]
        }
      ]
    },
    {
      "name": "entity_outline_box_blur",
      "intarget": "final",
      "outtarget": "swap",
      "use_linear_filter": true,
      "uniforms": [
        {
          "name": "BlurDir",
          "values": [0, 1]
        }
      ]
    },
    {
      "name": "blit",
      "intarget": "swap",
      "outtarget": "final"
    },
    {
      "name": "outline/combine_final_if",
      "intarget": "output",
      "outtarget": "final",
      "auxtargets": [
        {
          "name": "ColorSampler",
          "id": "color_holder"
        },
        {
          "name": "FinalSampler",
          "id": "swap"
        },
        { "name": "TimeStampSampler", "id": "timestamp" }
      ]
    }
  ]
}
