{
  "gutitubo.deadeye": {
    "sounds": [
      {
        "name": "gutitubo/deadeye",
        "stream": true
      }
    ]
  },
  "gutitubo.showstopper": {
    "sounds": [
      {
        "name": "gutitubo/showstopper",
        "stream": true
      }
    ]
  },
  "gutitubo.thomas": {
    "sounds": [
      {
        "name": "gutitubo/thomas",
        "stream": true
      }
    ]
  },
  "gutitubo.raptor": {
    "sounds": [
      {
        "name": "gutitubo/raptor",
        "stream": true
      }
    ]
  }
}
