{
  "targets": {
    "timestamp": { "width": 1, "height": 1, "persistent": true },
    "timestamp_swap": { "width": 1, "height": 1 },
    "color_holder": { "width": 1, "height": 1 },
    "swap": {},
    "final": {}
  },
  "passes": [
    {
      "vertex_shader": "minecraft:post/sobel",
      "fragment_shader": "minecraft:post/entity_sobel",
      "inputs": [
        {
          "sampler_name": "In",
          "target": "minecraft:entity_outline"
        }
      ],
      "output": "swap"
    },

    {
      "vertex_shader": "minecraft:program/outline/copy",
      "fragment_shader": "minecraft:program/outline/color_extractor",
      "inputs": [
        {
          "sampler_name": "In",
          "target": "minecraft:entity_outline"
        }
      ],
      "output": "color_holder"
    },
    {
      "vertex_shader": "minecraft:program/outline/copy",
      "fragment_shader": "minecraft:post/blit",
      "inputs": [
        {
          "sampler_name": "In",
          "target": "timestamp"
        }
      ],
      "uniforms": {
        "BlitConfig": [
          {
            "name": "ColorModulate",
            "type": "vec4",
            "value": [1.0, 1.0, 1.0, 1.0]
          }
        ]
      },
      "output": "timestamp_swap"
    },
    {
      "vertex_shader": "minecraft:program/outline/copy",
      "fragment_shader": "minecraft:program/outline/timestamp",
      "inputs": [
        {
          "sampler_name": "Color",
          "target": "color_holder"
        },
        {
          "sampler_name": "TimeStampSwap",
          "target": "timestamp_swap"
        }
      ],
      "output": "timestamp"
    },
    {
      "vertex_shader": "minecraft:post/blur",
      "fragment_shader": "minecraft:post/entity_outline_box_blur",
      "inputs": [
        {
          "sampler_name": "In",
          "target": "swap",
          "bilinear": true
        }
      ],
      "output": "minecraft:entity_outline",
      "uniforms": {
        "BlurConfig": [
          {
            "name": "BlurDir",
            "type": "vec2",
            "value": [1.0, 0.0]
          },
          {
            "name": "Radius",
            "type": "float",
            "value": 2.0
          }
        ]
      }
    },
    {
      "vertex_shader": "minecraft:post/blur",
      "fragment_shader": "minecraft:post/entity_outline_box_blur",
      "inputs": [
        {
          "sampler_name": "In",
          "target": "minecraft:entity_outline",
          "bilinear": true
        }
      ],
      "output": "swap",
      "uniforms": {
        "BlurConfig": [
          {
            "name": "BlurDir",
            "type": "vec2",
            "value": [0.0, 1.0]
          },
          {
            "name": "Radius",
            "type": "float",
            "value": 2.0
          }
        ]
      }
    },
    {
      "vertex_shader": "minecraft:post/blit",
      "fragment_shader": "minecraft:post/blit",
      "inputs": [
        {
          "sampler_name": "In",
          "target": "swap"
        }
      ],
      "uniforms": {
        "BlitConfig": [
          {
            "name": "ColorModulate",
            "type": "vec4",
            "value": [1.0, 1.0, 1.0, 1.0]
          }
        ]
      },
      "output": "final"
    },

    {
      "vertex_shader": "minecraft:post/blit",
      "fragment_shader": "minecraft:program/outline/combine_final_if",
      "inputs": [
        {
          "sampler_name": "Color",
          "target": "color_holder"
        },
        {
          "sampler_name": "Final",
          "target": "final"
        },
        {
          "sampler_name": "TimeStamp",
          "target": "timestamp"
        }
      ],
      "uniforms": {
        "BlitConfig": [
          {
            "name": "ColorModulate",
            "type": "vec4",
            "value": [1.0, 1.0, 1.0, 1.0]
          }
        ]
      },
      "output": "minecraft:entity_outline"
    }
  ]
}
