{
  "targets": {
    "controller": { "width": 2, "height": 4 },
    "controller_swap": { "width": 2, "height": 4 },
    "swap": {},
    "final": {}
  },
  "passes": [
    {
      "vertex_shader": "minecraft:program/toggler/copy",
      "fragment_shader": "minecraft:post/blit",
      "inputs": [
        {
          "sampler_name": "In",
          "target": "controller"
        }
      ],
      "uniforms": {
        "BlitConfig": [
          {
            "name": "ColorModulate",
            "type": "vec4",
            "value": [1.0, 1.0, 1.0, 1.0]
          }
        ]
      },
      "output": "controller_swap"
    },
    {
      "vertex_shader": "minecraft:program/toggler/copy",
      "fragment_shader": "minecraft:program/toggler/findcolor",
      "inputs": [
        {
          "sampler_name": "Diffuse",
          "target": "controller_swap"
        },
        {
          "sampler_name": "Particles",
          "target": "minecraft:particles"
        }
      ],
      "output": "controller"
    },
    {
      "vertex_shader": "minecraft:post/screenquad",
      "fragment_shader": "minecraft:post/transparency",
      "inputs": [
        {
          "sampler_name": "Main",
          "target": "minecraft:main"
        },
        {
          "sampler_name": "MainDepth",
          "target": "minecraft:main",
          "use_depth_buffer": true
        },
        {
          "sampler_name": "Translucent",
          "target": "minecraft:translucent"
        },
        {
          "sampler_name": "TranslucentDepth",
          "target": "minecraft:translucent",
          "use_depth_buffer": true
        },
        {
          "sampler_name": "ItemEntity",
          "target": "minecraft:item_entity"
        },
        {
          "sampler_name": "ItemEntityDepth",
          "target": "minecraft:item_entity",
          "use_depth_buffer": true
        },
        {
          "sampler_name": "Particles",
          "target": "minecraft:particles"
        },
        {
          "sampler_name": "ParticlesDepth",
          "target": "minecraft:particles",
          "use_depth_buffer": true
        },
        {
          "sampler_name": "Clouds",
          "target": "minecraft:clouds"
        },
        {
          "sampler_name": "CloudsDepth",
          "target": "minecraft:clouds",
          "use_depth_buffer": true
        },
        {
          "sampler_name": "Weather",
          "target": "minecraft:weather"
        },
        {
          "sampler_name": "WeatherDepth",
          "target": "minecraft:weather",
          "use_depth_buffer": true
        }
      ],
      "output": "swap"
    },

    {
      "vertex_shader": "minecraft:post/blit",
      "fragment_shader": "minecraft:post/blit",
      "inputs": [
        {
          "sampler_name": "In",
          "target": "swap"
        }
      ],
      "uniforms": {
        "BlitConfig": [
          {
            "name": "ColorModulate",
            "type": "vec4",
            "value": [1.0, 1.0, 1.0, 1.0]
          }
        ]
      },
      "output": "final"
    },

    {
      "vertex_shader": "minecraft:post/blit",
      "fragment_shader": "minecraft:program/toggler/shader",
      "inputs": [
        {
          "sampler_name": "Diffuse",
          "target": "final"
        },
        {
          "sampler_name": "Control",
          "target": "controller"
        },
        {
          "sampler_name": "MainDepth",
          "target": "minecraft:main",
          "use_depth_buffer": true
        }
      ],
      "output": "minecraft:main"
    }
  ]
}
