{
	"credit": "Made with Blockbench",
	"textures": {
		"0": "item/arrow_denchi",
		"particle": "item/arrow_denchi"
	},
	"elements": [
		{
			"from": [9, 4, 5.25],
			"to": [11, 6, 11.25],
			"rotation": {"angle": 0, "axis": "y", "origin": [8, 5, 9.625]},
			"faces": {
				"north": {"uv": [2, 12, 4, 14], "texture": "#0"},
				"east": {"uv": [8, 6, 14, 8], "texture": "#0"},
				"south": {"uv": [12, 0, 14, 2], "texture": "#0"},
				"west": {"uv": [6, 2, 12, 4], "texture": "#0"},
				"up": {"uv": [10, 14, 8, 8], "rotation": 180, "texture": "#0"},
				"down": {"uv": [2, 10, 0, 16], "rotation": 180, "texture": "#0"}
			}
		},
		{
			"from": [9.5, 4.5, 4.75],
			"to": [10.5, 5.5, 5.25],
			"rotation": {"angle": 0, "axis": "y", "origin": [8, 5, 9.625]},
			"faces": {
				"north": {"uv": [12, 12, 13, 13], "texture": "#0"},
				"east": {"uv": [13, 2, 14, 3], "texture": "#0"},
				"south": {"uv": [11, 12, 12, 13], "texture": "#0"},
				"west": {"uv": [12, 11, 13, 12], "texture": "#0"},
				"up": {"uv": [14, 4, 13, 3], "rotation": 180, "texture": "#0"},
				"down": {"uv": [5, 13, 4, 14], "rotation": 180, "texture": "#0"}
			}
		},
		{
			"from": [7, 4, 5.25],
			"to": [9, 6, 11.25],
			"rotation": {"angle": 0, "axis": "y", "origin": [8, 5, 9.625]},
			"faces": {
				"north": {"uv": [10, 10, 12, 12], "texture": "#0"},
				"east": {"uv": [6, 0, 12, 2], "texture": "#0"},
				"south": {"uv": [10, 8, 12, 10], "texture": "#0"},
				"west": {"uv": [4, 4, 10, 6], "texture": "#0"},
				"up": {"uv": [6, 12, 4, 6], "rotation": 180, "texture": "#0"},
				"down": {"uv": [8, 6, 6, 12], "rotation": 180, "texture": "#0"}
			}
		},
		{
			"from": [7.5, 4.5, 4.75],
			"to": [8.5, 5.5, 5.25],
			"rotation": {"angle": 0, "axis": "y", "origin": [8, 5, 9.625]},
			"faces": {
				"north": {"uv": [12, 8, 13, 9], "texture": "#0"},
				"east": {"uv": [12, 9, 13, 10], "texture": "#0"},
				"south": {"uv": [6, 12, 7, 13], "texture": "#0"},
				"west": {"uv": [7, 12, 8, 13], "texture": "#0"},
				"up": {"uv": [11, 13, 10, 12], "rotation": 180, "texture": "#0"},
				"down": {"uv": [13, 10, 12, 11], "rotation": 180, "texture": "#0"}
			}
		},
		{
			"from": [5, 4, 5.25],
			"to": [7, 6, 11.25],
			"rotation": {"angle": 0, "axis": "y", "origin": [8, 5, 9.625]},
			"faces": {
				"north": {"uv": [10, 4, 12, 6], "texture": "#0"},
				"east": {"uv": [0, 2, 6, 4], "texture": "#0"},
				"south": {"uv": [2, 10, 4, 12], "texture": "#0"},
				"west": {"uv": [0, 0, 6, 2], "texture": "#0"},
				"up": {"uv": [2, 10, 0, 4], "rotation": 180, "texture": "#0"},
				"down": {"uv": [4, 4, 2, 10], "rotation": 180, "texture": "#0"}
			}
		},
		{
			"from": [5.5, 4.5, 4.75],
			"to": [6.5, 5.5, 5.25],
			"rotation": {"angle": 0, "axis": "y", "origin": [8, 5, 9.625]},
			"faces": {
				"north": {"uv": [4, 12, 5, 13], "texture": "#0"},
				"east": {"uv": [12, 4, 13, 5], "texture": "#0"},
				"south": {"uv": [12, 2, 13, 3], "texture": "#0"},
				"west": {"uv": [12, 3, 13, 4], "texture": "#0"},
				"up": {"uv": [6, 13, 5, 12], "rotation": 180, "texture": "#0"},
				"down": {"uv": [13, 5, 12, 6], "rotation": 180, "texture": "#0"}
			}
		}
	],
	"display": {
		"thirdperson_righthand": {
			"rotation": [113, 0, 0],
			"translation": [0.25, -1, 0.75],
			"scale": [0.5, 0.5, 0.5]
		},
		"thirdperson_lefthand": {
			"rotation": [113, 0, 0],
			"translation": [0.25, -1, 0.75],
			"scale": [0.5, 0.5, 0.5]
		},
		"firstperson_righthand": {
			"rotation": [53, 21, 15],
			"translation": [5.75, 2.5, 0]
		},
		"firstperson_lefthand": {
			"rotation": [53, 21, 15],
			"translation": [5.75, 2.5, 0]
		},
		"ground": {
			"translation": [0, 1.5, 0],
			"scale": [0.8, 0.8, 0.8]
		},
		"gui": {
			"rotation": [86, -23, 37],
			"translation": [-2.5, 1.5, 0],
			"scale": [1.5, 1.5, 1.5]
		},
		"head": {
			"translation": [0, 10.25, 0]
		},
		"fixed": {
			"rotation": [90, 0, 0],
			"translation": [0, 0, 3.25]
		}
	},
	"groups": [
		{
			"name": "group",
			"origin": [0, 0, 0],
			"color": 0,
			"children": [0, 1]
		},
		{
			"name": "group",
			"origin": [0, 0, 0],
			"color": 0,
			"children": [2, 3]
		},
		{
			"name": "group",
			"origin": [0, 0, 0],
			"color": 0,
			"children": [4, 5]
		}
	]
}