{
	"credit": "Made with Blockbench",
	"textures": {
		"0": "block/lantern_outer",
		"1": "block/lantern_inner",
		"particle": "block/lantern_outer"
	},
	"elements": [
		{
			"from": [6, 8.05806, 5.61719],
			"to": [10, 13.05806, 9.61719],
			"rotation": {"angle": -45, "axis": "x", "origin": [8, 12.11244, 8.17157]},
			"faces": {
				"north": {"uv": [0, 5, 4, 10], "rotation": 180, "texture": "#1"},
				"east": {"uv": [4, 0, 8, 5], "rotation": 180, "texture": "#1"},
				"south": {"uv": [0, 0, 4, 5], "rotation": 180, "texture": "#1"},
				"west": {"uv": [4, 5, 8, 10], "rotation": 180, "texture": "#1"},
				"up": {"uv": [12, 4, 8, 8], "texture": "#1"},
				"down": {"uv": [12, 4, 8, 0], "texture": "#1"}
			}
		},
		{
			"from": [6, 7.05806, 9.61719],
			"to": [10, 13.05806, 10.61719],
			"rotation": {"angle": -45, "axis": "x", "origin": [8, 12.11244, 8.17157]},
			"faces": {
				"north": {"uv": [2, 0, 4, 3], "rotation": 180, "texture": "#0"},
				"east": {"uv": [6, 7, 6.5, 10], "rotation": 180, "texture": "#0"},
				"south": {"uv": [0, 0, 2, 3], "rotation": 180, "texture": "#0"},
				"west": {"uv": [6.5, 7, 7, 10], "rotation": 180, "texture": "#0"},
				"up": {"uv": [5.5, 8, 3.5, 8.5], "texture": "#0"},
				"down": {"uv": [10, 3.5, 8, 3], "texture": "#0"}
			}
		},
		{
			"from": [10, 7.05806, 5.61719],
			"to": [11, 13.05806, 9.61719],
			"rotation": {"angle": -45, "axis": "x", "origin": [8, 12.11244, 8.17157]},
			"faces": {
				"north": {"uv": [7.5, 7, 8, 10], "rotation": 180, "texture": "#0"},
				"east": {"uv": [0, 3, 2, 6], "rotation": 180, "texture": "#0"},
				"south": {"uv": [7, 7, 7.5, 10], "rotation": 180, "texture": "#0"},
				"west": {"uv": [2, 3, 4, 6], "rotation": 180, "texture": "#0"},
				"up": {"uv": [6, 8, 5.5, 10], "texture": "#0"},
				"down": {"uv": [8.5, 5.5, 8, 3.5], "texture": "#0"}
			}
		},
		{
			"from": [5, 7.05806, 5.61719],
			"to": [6, 13.05806, 9.61719],
			"rotation": {"angle": -45, "axis": "x", "origin": [8, 12.11244, 8.17157]},
			"faces": {
				"north": {"uv": [2, 8, 2.5, 11], "rotation": 180, "texture": "#0"},
				"east": {"uv": [4, 0, 6, 3], "rotation": 180, "texture": "#0"},
				"south": {"uv": [8, 0, 8.5, 3], "rotation": 180, "texture": "#0"},
				"west": {"uv": [4, 3, 6, 6], "rotation": 180, "texture": "#0"},
				"up": {"uv": [8.5, 7.5, 8, 9.5], "texture": "#0"},
				"down": {"uv": [8.5, 7.5, 8, 5.5], "texture": "#0"}
			}
		},
		{
			"from": [6, 7.05806, 4.61719],
			"to": [10, 13.05806, 5.61719],
			"rotation": {"angle": -45, "axis": "x", "origin": [8, 12.11244, 8.17157]},
			"faces": {
				"north": {"uv": [6, 0, 8, 3], "rotation": 180, "texture": "#0"},
				"east": {"uv": [2.5, 8, 3, 11], "rotation": 180, "texture": "#0"},
				"south": {"uv": [0, 6, 2, 9], "rotation": 180, "texture": "#0"},
				"west": {"uv": [3, 8, 3.5, 11], "rotation": 180, "texture": "#0"},
				"up": {"uv": [10.5, 0.5, 8.5, 1], "texture": "#0"},
				"down": {"uv": [10.5, 0.5, 8.5, 0], "texture": "#0"}
			}
		},
		{
			"from": [6, 13.05806, 5.61719],
			"to": [10, 14.05806, 9.61719],
			"rotation": {"angle": -45, "axis": "x", "origin": [8, 12.11244, 8.17157]},
			"faces": {
				"north": {"uv": [8.5, 2, 10.5, 2.5], "rotation": 180, "texture": "#0"},
				"east": {"uv": [8.5, 1.5, 10.5, 2], "rotation": 180, "texture": "#0"},
				"south": {"uv": [8.5, 1, 10.5, 1.5], "rotation": 180, "texture": "#0"},
				"west": {"uv": [8.5, 2.5, 10.5, 3], "rotation": 180, "texture": "#0"},
				"up": {"uv": [8, 3, 6, 5], "texture": "#0"},
				"down": {"uv": [4, 8, 2, 6], "texture": "#0"}
			}
		},
		{
			"from": [6, 15.22487, 3.34315],
			"to": [10, 16.22487, 7.34315],
			"rotation": {"angle": 0, "axis": "x", "origin": [8, 12.11244, 8.17157]},
			"faces": {
				"north": {"uv": [8.5, 4, 10.5, 4.5], "rotation": 180, "texture": "#0"},
				"east": {"uv": [8.5, 3.5, 10.5, 4], "rotation": 180, "texture": "#0"},
				"south": {"uv": [3.5, 8.5, 5.5, 9], "rotation": 180, "texture": "#0"},
				"west": {"uv": [8.5, 4.5, 10.5, 5], "rotation": 180, "texture": "#0"},
				"up": {"uv": [8, 5, 6, 7], "texture": "#0"},
				"down": {"uv": [6, 8, 4, 6], "texture": "#0"}
			}
		},
		{
			"from": [7, 14.22487, 4.34315],
			"to": [9, 15.22487, 6.34315],
			"rotation": {"angle": 0, "axis": "x", "origin": [8, 12.11244, 8.17157]},
			"faces": {
				"north": {"uv": [4.5, 9, 5.5, 9.5], "rotation": 180, "texture": "#0"},
				"east": {"uv": [3.5, 9, 4.5, 9.5], "rotation": 180, "texture": "#0"},
				"south": {"uv": [1, 9, 2, 9.5], "rotation": 180, "texture": "#0"},
				"west": {"uv": [9, 7, 10, 7.5], "rotation": 180, "texture": "#0"},
				"up": {"uv": [9.5, 6, 8.5, 7], "texture": "#0"},
				"down": {"uv": [9.5, 6, 8.5, 5], "texture": "#0"}
			}
		},
		{
			"from": [7.5, 13.20971, 7.26884],
			"to": [8.5, 16.20971, 8.26884],
			"rotation": {"angle": -45, "axis": "x", "origin": [8, 12.11244, 8.17157]},
			"faces": {
				"north": {"uv": [0, 9, 0.5, 10.5], "rotation": 180, "texture": "#0"},
				"east": {"uv": [8.5, 8.5, 9, 10], "rotation": 180, "texture": "#0"},
				"south": {"uv": [8.5, 7, 9, 8.5], "rotation": 180, "texture": "#0"},
				"west": {"uv": [0.5, 9, 1, 10.5], "rotation": 180, "texture": "#0"},
				"up": {"uv": [9.5, 8, 9, 8.5], "texture": "#0"},
				"down": {"uv": [9.5, 8, 9, 7.5], "texture": "#0"}
			}
		}
	],
	"display": {},
	"groups": [
		{
			"name": "group",
			"origin": [8, 1, 8],
			"color": 0,
			"children": [0, 1, 2, 3, 4, 5]
		},
		6,
		7,
		8
	]
}