{
	"credit": "Made with Blockbench",
	"textures": {
		"0": "block/lantern_outer",
		"1": "block/lantern_inner",
		"particle": "block/lantern_outer"
	},
	"elements": [
		{
			"from": [6, 5.5, 6.75],
			"to": [10, 10.5, 10.75],
			"rotation": {"angle": -45, "axis": "x", "origin": [8, 5.25, 11]},
			"faces": {
				"north": {"uv": [0, 0, 4, 5], "texture": "#1"},
				"east": {"uv": [4, 0, 8, 5], "texture": "#1"},
				"south": {"uv": [0, 5, 4, 10], "texture": "#1"},
				"west": {"uv": [4, 5, 8, 10], "texture": "#1"},
				"up": {"uv": [12, 4, 8, 0], "texture": "#1"},
				"down": {"uv": [12, 4, 8, 8], "texture": "#1"}
			}
		},
		{
			"from": [6, 5.5, 5.75],
			"to": [10, 11.5, 6.75],
			"rotation": {"angle": -45, "axis": "x", "origin": [8, 5.25, 11]},
			"faces": {
				"north": {"uv": [0, 0, 2, 3], "texture": "#0"},
				"east": {"uv": [6, 7, 6.5, 10], "texture": "#0"},
				"south": {"uv": [2, 0, 4, 3], "texture": "#0"},
				"west": {"uv": [6.5, 7, 7, 10], "texture": "#0"},
				"up": {"uv": [10, 3.5, 8, 3], "texture": "#0"},
				"down": {"uv": [5.5, 8, 3.5, 8.5], "texture": "#0"}
			}
		},
		{
			"from": [10, 5.5, 6.75],
			"to": [11, 11.5, 10.75],
			"rotation": {"angle": -45, "axis": "x", "origin": [8, 5.25, 11]},
			"faces": {
				"north": {"uv": [7, 7, 7.5, 10], "texture": "#0"},
				"east": {"uv": [0, 3, 2, 6], "texture": "#0"},
				"south": {"uv": [7.5, 7, 8, 10], "texture": "#0"},
				"west": {"uv": [2, 3, 4, 6], "texture": "#0"},
				"up": {"uv": [8.5, 5.5, 8, 3.5], "texture": "#0"},
				"down": {"uv": [6, 8, 5.5, 10], "texture": "#0"}
			}
		},
		{
			"from": [5, 5.5, 6.75],
			"to": [6, 11.5, 10.75],
			"rotation": {"angle": -45, "axis": "x", "origin": [8, 5.25, 11]},
			"faces": {
				"north": {"uv": [8, 0, 8.5, 3], "texture": "#0"},
				"east": {"uv": [4, 0, 6, 3], "texture": "#0"},
				"south": {"uv": [2, 8, 2.5, 11], "texture": "#0"},
				"west": {"uv": [4, 3, 6, 6], "texture": "#0"},
				"up": {"uv": [8.5, 7.5, 8, 5.5], "texture": "#0"},
				"down": {"uv": [8.5, 7.5, 8, 9.5], "texture": "#0"}
			}
		},
		{
			"from": [6, 5.5, 10.75],
			"to": [10, 11.5, 11.75],
			"rotation": {"angle": -45, "axis": "x", "origin": [8, 5.25, 11]},
			"faces": {
				"north": {"uv": [0, 6, 2, 9], "texture": "#0"},
				"east": {"uv": [2.5, 8, 3, 11], "texture": "#0"},
				"south": {"uv": [6, 0, 8, 3], "texture": "#0"},
				"west": {"uv": [3, 8, 3.5, 11], "texture": "#0"},
				"up": {"uv": [10.5, 0.5, 8.5, 0], "texture": "#0"},
				"down": {"uv": [10.5, 0.5, 8.5, 1], "texture": "#0"}
			}
		},
		{
			"from": [6, 4.5, 6.75],
			"to": [10, 5.5, 10.75],
			"rotation": {"angle": -45, "axis": "x", "origin": [8, 5.25, 11]},
			"faces": {
				"north": {"uv": [8.5, 1, 10.5, 1.5], "texture": "#0"},
				"east": {"uv": [8.5, 1.5, 10.5, 2], "texture": "#0"},
				"south": {"uv": [8.5, 2, 10.5, 2.5], "texture": "#0"},
				"west": {"uv": [8.5, 2.5, 10.5, 3], "texture": "#0"},
				"up": {"uv": [4, 8, 2, 6], "texture": "#0"},
				"down": {"uv": [8, 3, 6, 5], "texture": "#0"}
			}
		},
		{
			"from": [6, 0, 9],
			"to": [10, 1, 13],
			"rotation": {"angle": 0, "axis": "y", "origin": [8, 1, 11]},
			"faces": {
				"north": {"uv": [3.5, 8.5, 5.5, 9], "texture": "#0"},
				"east": {"uv": [8.5, 3.5, 10.5, 4], "texture": "#0"},
				"south": {"uv": [8.5, 4, 10.5, 4.5], "texture": "#0"},
				"west": {"uv": [8.5, 4.5, 10.5, 5], "texture": "#0"},
				"up": {"uv": [6, 8, 4, 6], "texture": "#0"},
				"down": {"uv": [8, 5, 6, 7], "texture": "#0"}
			}
		},
		{
			"from": [7, 1, 10],
			"to": [9, 2, 12],
			"rotation": {"angle": 0, "axis": "y", "origin": [0, 0, 3]},
			"faces": {
				"north": {"uv": [1, 9, 2, 9.5], "texture": "#0"},
				"east": {"uv": [3.5, 9, 4.5, 9.5], "texture": "#0"},
				"south": {"uv": [4.5, 9, 5.5, 9.5], "texture": "#0"},
				"west": {"uv": [9, 7, 10, 7.5], "texture": "#0"},
				"up": {"uv": [9.5, 6, 8.5, 5], "texture": "#0"},
				"down": {"uv": [9.5, 6, 8.5, 7], "texture": "#0"}
			}
		},
		{
			"from": [7.5, 1.25, 10.75],
			"to": [8.5, 4.25, 11.75],
			"rotation": {"angle": -45, "axis": "x", "origin": [8, 1.5, 11]},
			"faces": {
				"north": {"uv": [8.5, 7, 9, 8.5], "texture": "#0"},
				"east": {"uv": [8.5, 8.5, 9, 10], "texture": "#0"},
				"south": {"uv": [0, 9, 0.5, 10.5], "texture": "#0"},
				"west": {"uv": [0.5, 9, 1, 10.5], "texture": "#0"},
				"up": {"uv": [9.5, 8, 9, 7.5], "texture": "#0"},
				"down": {"uv": [9.5, 8, 9, 8.5], "texture": "#0"}
			}
		}
	],
	"display": {},
	"groups": [
		{
			"name": "group",
			"origin": [8, 1, 8],
			"color": 0,
			"children": [0, 1, 2, 3, 4, 5]
		},
		6,
		7,
		8
	]
}