{
	"credit": "Made with Blockbench",
	"textures": {
		"0": "item/ticket",
		"1": "item/ticket_back",
		"particle": "item/ticket"
	},
	"elements": [
		{
			"name": "ticket_0",
			"from": [0, 0.25, -3],
			"to": [16, 0.58333, 18.33333],
			"faces": {
				"north": {"uv": [16, 0, 0, 0.25], "texture": "#0"},
				"east": {"uv": [15.66667, 0, 16, 16], "rotation": 90, "texture": "#0"},
				"south": {"uv": [0, 15.75, 16, 16], "texture": "#0"},
				"west": {"uv": [0, 0, 0.33333, 16], "rotation": 270, "texture": "#0"},
				"up": {"uv": [0, 0, 16, 16], "texture": "#0"},
				"down": {"uv": [0, 16, 16, 0], "texture": "#0"}
			}
		},
		{
			"name": "ticket_back_0",
			"from": [0, 0, -3],
			"to": [16, 0.33333, 18.33333],
			"faces": {
				"north": {"uv": [16, 0, 0, 0.25], "texture": "#1"},
				"east": {"uv": [15.66667, 0, 16, 16], "rotation": 90, "texture": "#1"},
				"south": {"uv": [0, 15.75, 16, 16], "texture": "#1"},
				"west": {"uv": [0, 0, 0.33333, 16], "rotation": 270, "texture": "#1"},
				"up": {"uv": [0, 0, 16, 16], "texture": "#1"},
				"down": {"uv": [0, 16, 16, 0], "texture": "#1"}
			}
		}
	],
	"display": {
		"thirdperson_righthand": {
			"rotation": [83, -15, 0],
			"translation": [-2, 2.5, 1.5],
			"scale": [0.19, 0.19, 0.19]
		},
		"thirdperson_lefthand": {
			"rotation": [83, -15, 0],
			"translation": [-2, 2.5, 1.5],
			"scale": [0.19, 0.19, 0.19]
		},
		"firstperson_righthand": {
			"rotation": [71, -34.65, 31.99],
			"translation": [0, 10, -2.5]
		},
		"firstperson_lefthand": {
			"rotation": [71, -34.65, 31.99],
			"translation": [0, 10, -2.5]
		},
		"ground": {
			"translation": [0, 0.25, 0],
			"scale": [0.24, 0.24, 0.24]
		},
		"gui": {
			"rotation": [60.4, -21.98, 6.58],
			"translation": [-0.5, 2.25, 0],
			"scale": [0.57, 0.57, 0.57]
		},
		"head": {
			"rotation": [104, 0, 180],
			"translation": [0, -0.25, -13],
			"scale": [0.67, 0.67, 0.67]
		},
		"fixed": {
			"rotation": [-90, 180, 0],
			"translation": [0, 0, -6]
		}
	},
	"groups": [
		{
			"name": "ticket",
			"origin": [8, 8, 8],
			"color": 0,
			"children": [0]
		},
		{
			"name": "ticket_back",
			"origin": [8, 8, 8],
			"color": 0,
			"children": [1]
		}
	]
}