{
	"credit": "Made with Blockbench",
	"textures": {
		"0": "item/wanted_gn",
		"1": "item/wanted_back",
		"particle": "item/wanted_gn"
	},
	"elements": [
		{
			"name": "wanted_gt_0",
			"from": [0, 0, 8],
			"to": [16, 21.33333, 8.33333],
			"faces": {
				"north": {"uv": [16, 0, 0, 16], "texture": "#0"},
				"east": {"uv": [15.66667, 0, 16, 16], "texture": "#0"},
				"south": {"uv": [0, 0, 16, 16], "texture": "#0"},
				"west": {"uv": [0, 0, 0.33333, 16], "texture": "#0"},
				"up": {"uv": [0, 0, 16, 0.25], "texture": "#0"},
				"down": {"uv": [0, 15.75, 16, 16], "texture": "#0"}
			}
		},
		{
			"name": "wanted_back_0",
			"from": [0, 0, 7.7],
			"to": [16, 21.33333, 8.03333],
			"faces": {
				"north": {"uv": [16, 0, 0, 16], "texture": "#1"},
				"east": {"uv": [15.66667, 0, 16, 16], "texture": "#1"},
				"south": {"uv": [0, 0, 16, 16], "texture": "#1"},
				"west": {"uv": [0, 0, 0.33333, 16], "texture": "#1"},
				"up": {"uv": [0, 0, 16, 0.25], "texture": "#1"},
				"down": {"uv": [0, 15.75, 16, 16], "texture": "#1"}
			}
		}
	],
	"display": {
		"thirdperson_righthand": {
			"rotation": [1.2, -17.69, 7.6],
			"translation": [0, 3, 0],
			"scale": [0.37, 0.37, 0.37]
		},
		"thirdperson_lefthand": {
			"rotation": [1.2, -17.69, 7.6],
			"translation": [0, 3, 0],
			"scale": [0.37, 0.37, 0.37]
		},
		"firstperson_righthand": {
			"rotation": [-25.7, -26.66, -17.06],
			"translation": [0, 5, 0],
			"scale": [0.61, 0.61, 0.61]
		},
		"firstperson_lefthand": {
			"rotation": [-25.7, -26.66, -17.06],
			"translation": [0, 5, 0],
			"scale": [0.61, 0.61, 0.61]
		},
		"ground": {
			"rotation": [-78, 0, 0],
			"translation": [0, -2, 1],
			"scale": [0.45, 0.45, 0.45]
		},
		"gui": {
			"rotation": [-27.51, -13.62, -14.08],
			"translation": [-0.25, -1.75, 0],
			"scale": [0.7, 0.7, 0.7]
		},
		"head": {
			"rotation": [-180, 0, -180],
			"translation": [0, -3.25, -6.5],
			"scale": [0.71, 0.71, 0.71]
		},
		"fixed": {
			"rotation": [0, -180, 0],
			"translation": [0, -5, 1.5],
			"scale": [1.86, 1.86, 1.86]
		}
	},
	"groups": [
		{
			"name": "wanted_gt",
			"origin": [8, 8, 8],
			"color": 0,
			"children": [0]
		},
		{
			"name": "wanted_back",
			"origin": [8, 8, 8],
			"color": 0,
			"children": [1]
		}
	]
}