{
	"credit": "Made with Blockbench",
	"texture_size": [32, 32],
	"textures": {
		"0": "item/tote_front",
		"1": "item/tote_back",
		"2": "item/tote",
		"particle": "item/tote_front"
	},
	"elements": [
		{
			"from": [4.5, 16, 7.5],
			"to": [5.75, 25, 7.75],
			"rotation": {"angle": 0, "axis": "y", "origin": [0, 0, -0.75]},
			"faces": {
				"north": {"uv": [0, 0, 0.75, 4.5], "texture": "#2"},
				"east": {"uv": [3, 5.5, 3.25, 10], "texture": "#2"},
				"south": {"uv": [1, 0, 1.75, 4.5], "texture": "#2"},
				"west": {"uv": [3.5, 5.5, 3.75, 10], "texture": "#2"},
				"up": {"uv": [5.75, 3.25, 5, 3], "texture": "#2"},
				"down": {"uv": [5.75, 3.5, 5, 3.75], "texture": "#2"}
			}
		},
		{
			"from": [10.5, 16, 7.5],
			"to": [11.75, 25, 7.75],
			"rotation": {"angle": 0, "axis": "y", "origin": [0, 0, -0.75]},
			"faces": {
				"north": {"uv": [2, 0, 2.75, 4.5], "texture": "#2"},
				"east": {"uv": [4, 5.5, 4.25, 10], "texture": "#2"},
				"south": {"uv": [3, 0, 3.75, 4.5], "texture": "#2"},
				"west": {"uv": [4.5, 5.5, 4.75, 10], "texture": "#2"},
				"up": {"uv": [5.75, 4.25, 5, 4], "texture": "#2"},
				"down": {"uv": [7.75, 5, 7, 5.25], "texture": "#2"}
			}
		},
		{
			"from": [5, 24.25, 7.5],
			"to": [11.25, 25.5, 7.75],
			"rotation": {"angle": 0, "axis": "y", "origin": [0, 0, -0.75]},
			"faces": {
				"north": {"uv": [3, 4.5, 6.25, 5.25], "texture": "#2"},
				"east": {"uv": [6, 3, 6.25, 3.75], "texture": "#2"},
				"south": {"uv": [5, 0, 8.25, 0.75], "texture": "#2"},
				"west": {"uv": [7, 5.5, 7.25, 6.25], "texture": "#2"},
				"up": {"uv": [10.25, 3.25, 7, 3], "texture": "#2"},
				"down": {"uv": [10.25, 3.5, 7, 3.75], "texture": "#2"}
			}
		},
		{
			"from": [4.5, 16, 8.25],
			"to": [5.75, 25, 8.5],
			"faces": {
				"north": {"uv": [4, 0, 4.75, 4.5], "texture": "#2"},
				"east": {"uv": [5, 5.5, 5.25, 10], "texture": "#2"},
				"south": {"uv": [0, 4.5, 0.75, 9], "texture": "#2"},
				"west": {"uv": [5.5, 5.5, 5.75, 10], "texture": "#2"},
				"up": {"uv": [7.75, 6.75, 7, 6.5], "texture": "#2"},
				"down": {"uv": [7.75, 7, 7, 7.25], "texture": "#2"}
			}
		},
		{
			"from": [5, 24.25, 8.25],
			"to": [11.25, 25.5, 8.5],
			"faces": {
				"north": {"uv": [5, 1, 8.25, 1.75], "texture": "#2"},
				"east": {"uv": [7.5, 5.5, 7.75, 6.25], "texture": "#2"},
				"south": {"uv": [5, 2, 8.25, 2.75], "texture": "#2"},
				"west": {"uv": [6.5, 7.5, 6.75, 8.25], "texture": "#2"},
				"up": {"uv": [10.25, 4.25, 7, 4], "texture": "#2"},
				"down": {"uv": [10.25, 4.5, 7, 4.75], "texture": "#2"}
			}
		},
		{
			"from": [10.5, 16, 8.25],
			"to": [11.75, 25, 8.5],
			"faces": {
				"north": {"uv": [1, 4.5, 1.75, 9], "texture": "#2"},
				"east": {"uv": [6, 5.5, 6.25, 10], "texture": "#2"},
				"south": {"uv": [2, 4.5, 2.75, 9], "texture": "#2"},
				"west": {"uv": [6.5, 3, 6.75, 7.5], "texture": "#2"},
				"up": {"uv": [7.75, 7.75, 7, 7.5], "texture": "#2"},
				"down": {"uv": [8.75, 5, 8, 5.25], "texture": "#2"}
			}
		},
		{
			"name": "tote_front_0",
			"from": [0, 2, 8],
			"to": [16, 16, 8.5],
			"faces": {
				"north": {"uv": [16, 0, 0, 14], "texture": "#0"},
				"east": {"uv": [15.5, 0, 16, 14], "texture": "#0"},
				"south": {"uv": [0, 0, 16, 14], "texture": "#0"},
				"west": {"uv": [0, 0, 0.5, 14], "texture": "#0"},
				"up": {"uv": [0, 0, 16, 0.5], "texture": "#0"},
				"down": {"uv": [0, 13.5, 16, 14], "texture": "#0"}
			}
		},
		{
			"name": "tote_front_1",
			"from": [0.5, 1.5, 8],
			"to": [15.5, 2, 8.5],
			"faces": {
				"north": {"uv": [15.5, 14, 0.5, 14.5], "texture": "#0"},
				"east": {"uv": [15, 14, 15.5, 14.5], "texture": "#0"},
				"south": {"uv": [0.5, 14, 15.5, 14.5], "texture": "#0"},
				"west": {"uv": [0.5, 14, 1, 14.5], "texture": "#0"},
				"up": {"uv": [0.5, 14, 15.5, 14.5], "texture": "#0"},
				"down": {"uv": [0.5, 14, 15.5, 14.5], "texture": "#0"}
			}
		},
		{
			"name": "tote_front_2",
			"from": [1, 1, 8],
			"to": [15, 1.5, 8.5],
			"faces": {
				"north": {"uv": [15, 14.5, 1, 15], "texture": "#0"},
				"east": {"uv": [14.5, 14.5, 15, 15], "texture": "#0"},
				"south": {"uv": [1, 14.5, 15, 15], "texture": "#0"},
				"west": {"uv": [1, 14.5, 1.5, 15], "texture": "#0"},
				"up": {"uv": [1, 14.5, 15, 15], "texture": "#0"},
				"down": {"uv": [1, 14.5, 15, 15], "texture": "#0"}
			}
		},
		{
			"name": "tote_front_3",
			"from": [1.5, 0.5, 8],
			"to": [14.5, 1, 8.5],
			"faces": {
				"north": {"uv": [14.5, 15, 1.5, 15.5], "texture": "#0"},
				"east": {"uv": [14, 15, 14.5, 15.5], "texture": "#0"},
				"south": {"uv": [1.5, 15, 14.5, 15.5], "texture": "#0"},
				"west": {"uv": [1.5, 15, 2, 15.5], "texture": "#0"},
				"up": {"uv": [1.5, 15, 14.5, 15.5], "texture": "#0"},
				"down": {"uv": [1.5, 15, 14.5, 15.5], "texture": "#0"}
			}
		},
		{
			"name": "tote_front_4",
			"from": [2, 0, 8],
			"to": [14, 0.5, 8.5],
			"faces": {
				"north": {"uv": [14, 15.5, 2, 16], "texture": "#0"},
				"east": {"uv": [13.5, 15.5, 14, 16], "texture": "#0"},
				"south": {"uv": [2, 15.5, 14, 16], "texture": "#0"},
				"west": {"uv": [2, 15.5, 2.5, 16], "texture": "#0"},
				"up": {"uv": [2, 15.5, 14, 16], "texture": "#0"},
				"down": {"uv": [2, 15.5, 14, 16], "texture": "#0"}
			}
		},
		{
			"name": "tote_back_0",
			"from": [0, 2, 7.5],
			"to": [16, 16, 8],
			"faces": {
				"north": {"uv": [16, 0, 0, 14], "texture": "#1"},
				"east": {"uv": [15.5, 0, 16, 14], "texture": "#1"},
				"south": {"uv": [0, 0, 16, 14], "texture": "#1"},
				"west": {"uv": [0, 0, 0.5, 14], "texture": "#1"},
				"up": {"uv": [0, 0, 16, 0.5], "texture": "#1"},
				"down": {"uv": [0, 13.5, 16, 14], "texture": "#1"}
			}
		},
		{
			"name": "tote_back_1",
			"from": [0.5, 1.5, 7.5],
			"to": [15.5, 2, 8],
			"faces": {
				"north": {"uv": [15.5, 14, 0.5, 14.5], "texture": "#1"},
				"east": {"uv": [15, 14, 15.5, 14.5], "texture": "#1"},
				"south": {"uv": [0.5, 14, 15.5, 14.5], "texture": "#1"},
				"west": {"uv": [0.5, 14, 1, 14.5], "texture": "#1"},
				"up": {"uv": [0.5, 14, 15.5, 14.5], "texture": "#1"},
				"down": {"uv": [0.5, 14, 15.5, 14.5], "texture": "#1"}
			}
		},
		{
			"name": "tote_back_2",
			"from": [1, 1, 7.5],
			"to": [15, 1.5, 8],
			"faces": {
				"north": {"uv": [15, 14.5, 1, 15], "texture": "#1"},
				"east": {"uv": [14.5, 14.5, 15, 15], "texture": "#1"},
				"south": {"uv": [1, 14.5, 15, 15], "texture": "#1"},
				"west": {"uv": [1, 14.5, 1.5, 15], "texture": "#1"},
				"up": {"uv": [1, 14.5, 15, 15], "texture": "#1"},
				"down": {"uv": [1, 14.5, 15, 15], "texture": "#1"}
			}
		},
		{
			"name": "tote_back_3",
			"from": [1.5, 0.5, 7.5],
			"to": [14.5, 1, 8],
			"faces": {
				"north": {"uv": [14.5, 15, 1.5, 15.5], "texture": "#1"},
				"east": {"uv": [14, 15, 14.5, 15.5], "texture": "#1"},
				"south": {"uv": [1.5, 15, 14.5, 15.5], "texture": "#1"},
				"west": {"uv": [1.5, 15, 2, 15.5], "texture": "#1"},
				"up": {"uv": [1.5, 15, 14.5, 15.5], "texture": "#1"},
				"down": {"uv": [1.5, 15, 14.5, 15.5], "texture": "#1"}
			}
		},
		{
			"name": "tote_back_4",
			"from": [2, 0, 7.5],
			"to": [14, 0.5, 8],
			"faces": {
				"north": {"uv": [14, 15.5, 2, 16], "texture": "#1"},
				"east": {"uv": [13.5, 15.5, 14, 16], "texture": "#1"},
				"south": {"uv": [2, 15.5, 14, 16], "texture": "#1"},
				"west": {"uv": [2, 15.5, 2.5, 16], "texture": "#1"},
				"up": {"uv": [2, 15.5, 14, 16], "texture": "#1"},
				"down": {"uv": [2, 15.5, 14, 16], "texture": "#1"}
			}
		}
	],
	"display": {
		"thirdperson_righthand": {
			"rotation": [-104, 90, -180],
			"translation": [-1.75, -4.25, 1.75],
			"scale": [0.65, 0.65, 0.65]
		},
		"thirdperson_lefthand": {
			"rotation": [-104, -90, -180],
			"translation": [-1.75, -4.25, 1.75],
			"scale": [0.65, 0.65, 0.65]
		},
		"firstperson_righthand": {
			"rotation": [-32.1, -21.35, -23.21],
			"translation": [-0.25, 3.75, 0],
			"scale": [0.7, 0.7, 0.7]
		},
		"firstperson_lefthand": {
			"rotation": [137.33, 46.87, -143.49],
			"translation": [-0.25, 3.75, 0],
			"scale": [0.7, 0.7, 0.7]
		},
		"ground": {
			"rotation": [-81, 0, 0],
			"translation": [0, -0.75, 0],
			"scale": [0.57, 0.57, 0.57]
		},
		"gui": {
			"rotation": [-39, -9, -25.14],
			"translation": [-0.25, -2.25, 0],
			"scale": [0.74, 0.74, 0.74]
		},
		"head": {
			"translation": [0, -21, -6.5]
		},
		"fixed": {
			"rotation": [0, 180, 0],
			"translation": [0, 3.75, -4],
			"scale": [1.72, 1.72, 1.72]
		}
	},
	"groups": [
		{
			"name": "group",
			"origin": [0, 0, 0],
			"color": 0,
			"children": [0, 1, 2, 3, 4, 5]
		},
		{
			"name": "tote_front",
			"origin": [8, 8, 8],
			"color": 0,
			"children": [6, 7, 8, 9, 10]
		},
		{
			"name": "tote_back",
			"origin": [8, 8, 8],
			"color": 0,
			"children": [11, 12, 13, 14, 15]
		}
	]
}