{
  "credit": "Made with Blockbench",
  "texture_size": [64, 64],
  "textures": {
    "0": "item/rocket_launcher",
    "particle": "item/crossbow"
  },
  "elements": [
    {
      "from": [8, 1, 6],
      "to": [9, 31, 10],
      "faces": {
        "north": { "uv": [0, 7.5, 0.25, 15], "texture": "#0" },
        "east": { "uv": [0, 0, 1, 7.5], "texture": "#0" },
        "south": { "uv": [0.25, 7.5, 0.5, 15], "texture": "#0" },
        "west": { "uv": [1, 0, 2, 7.5], "texture": "#0" },
        "up": { "uv": [3.5, 9, 3.25, 8], "texture": "#0" },
        "down": { "uv": [8.25, 3.25, 8, 4.25], "texture": "#0" }
      }
    },
    {
      "from": [3, 1, 6],
      "to": [4, 31, 10],
      "faces": {
        "north": { "uv": [0.5, 7.5, 0.75, 15], "texture": "#0" },
        "east": { "uv": [2, 0, 3, 7.5], "texture": "#0" },
        "south": { "uv": [0.75, 7.5, 1, 15], "texture": "#0" },
        "west": { "uv": [3, 0, 4, 7.5], "texture": "#0" },
        "up": { "uv": [3.75, 9, 3.5, 8], "texture": "#0" },
        "down": { "uv": [4, 8, 3.75, 9], "texture": "#0" }
      }
    },
    {
      "from": [4, 1, 5],
      "to": [8, 31, 6],
      "faces": {
        "north": { "uv": [4, 0, 5, 7.5], "texture": "#0" },
        "east": { "uv": [1, 7.5, 1.25, 15], "texture": "#0" },
        "south": { "uv": [5, 0, 6, 7.5], "texture": "#0" },
        "west": { "uv": [1.25, 7.5, 1.5, 15], "texture": "#0" },
        "up": { "uv": [5, 8.25, 4, 8], "texture": "#0" },
        "down": { "uv": [9, 4.25, 8, 4.5], "texture": "#0" }
      }
    },
    {
      "from": [4, 1, 10],
      "to": [8, 31, 11],
      "faces": {
        "north": { "uv": [6, 0, 7, 7.5], "texture": "#0" },
        "east": { "uv": [1.5, 7.5, 1.75, 15], "texture": "#0" },
        "south": { "uv": [7, 0, 8, 7.5], "texture": "#0" },
        "west": { "uv": [1.75, 7.5, 2, 15], "texture": "#0" },
        "up": { "uv": [9, 4.75, 8, 4.5], "texture": "#0" },
        "down": { "uv": [9, 4.75, 8, 5], "texture": "#0" }
      }
    },
    {
      "from": [8, 31, 5],
      "to": [9, 32, 6],
      "faces": {
        "north": { "uv": [9.25, 3, 9.5, 3.25], "texture": "#0" },
        "east": { "uv": [9.25, 3.25, 9.5, 3.5], "texture": "#0" },
        "south": { "uv": [9.25, 3.5, 9.5, 3.75], "texture": "#0" },
        "west": { "uv": [9.25, 3.75, 9.5, 4], "texture": "#0" },
        "up": { "uv": [4.25, 9.5, 4, 9.25], "texture": "#0" },
        "down": { "uv": [9.5, 4, 9.25, 4.25], "texture": "#0" }
      }
    },
    {
      "from": [3, 31, 5],
      "to": [4, 32, 6],
      "faces": {
        "north": { "uv": [4.25, 9.25, 4.5, 9.5], "texture": "#0" },
        "east": { "uv": [9.25, 4.25, 9.5, 4.5], "texture": "#0" },
        "south": { "uv": [4.5, 9.25, 4.75, 9.5], "texture": "#0" },
        "west": { "uv": [9.25, 4.5, 9.5, 4.75], "texture": "#0" },
        "up": { "uv": [5, 9.5, 4.75, 9.25], "texture": "#0" },
        "down": { "uv": [9.5, 4.75, 9.25, 5], "texture": "#0" }
      }
    },
    {
      "from": [8, 31, 10],
      "to": [9, 32, 11],
      "faces": {
        "north": { "uv": [5, 9.25, 5.25, 9.5], "texture": "#0" },
        "east": { "uv": [9.25, 5, 9.5, 5.25], "texture": "#0" },
        "south": { "uv": [5.25, 9.25, 5.5, 9.5], "texture": "#0" },
        "west": { "uv": [9.25, 5.25, 9.5, 5.5], "texture": "#0" },
        "up": { "uv": [5.75, 9.5, 5.5, 9.25], "texture": "#0" },
        "down": { "uv": [9.5, 5.5, 9.25, 5.75], "texture": "#0" }
      }
    },
    {
      "from": [3, 31, 10],
      "to": [4, 32, 11],
      "faces": {
        "north": { "uv": [5.75, 9.25, 6, 9.5], "texture": "#0" },
        "east": { "uv": [9.25, 5.75, 9.5, 6], "texture": "#0" },
        "south": { "uv": [6, 9.25, 6.25, 9.5], "texture": "#0" },
        "west": { "uv": [9.25, 6, 9.5, 6.25], "texture": "#0" },
        "up": { "uv": [6.5, 9.5, 6.25, 9.25], "texture": "#0" },
        "down": { "uv": [6.75, 9.25, 6.5, 9.5], "texture": "#0" }
      }
    },
    {
      "from": [9, 31, 6],
      "to": [10, 32, 10],
      "faces": {
        "north": { "uv": [8.5, 9, 8.75, 9.25], "texture": "#0" },
        "east": { "uv": [5, 8, 6, 8.25], "texture": "#0" },
        "south": { "uv": [9.25, 1, 9.5, 1.25], "texture": "#0" },
        "west": { "uv": [8, 5, 9, 5.25], "texture": "#0" },
        "up": { "uv": [8.25, 6.25, 8, 5.25], "texture": "#0" },
        "down": { "uv": [6.25, 8, 6, 9], "texture": "#0" }
      }
    },
    {
      "from": [2, 31, 6],
      "to": [3, 32, 10],
      "faces": {
        "north": { "uv": [9.25, 1.25, 9.5, 1.5], "texture": "#0" },
        "east": { "uv": [8, 6.25, 9, 6.5], "texture": "#0" },
        "south": { "uv": [9.25, 1.5, 9.5, 1.75], "texture": "#0" },
        "west": { "uv": [8, 6.5, 9, 6.75], "texture": "#0" },
        "up": { "uv": [6.5, 9, 6.25, 8], "texture": "#0" },
        "down": { "uv": [6.75, 8, 6.5, 9], "texture": "#0" }
      }
    },
    {
      "from": [4, 31, 4],
      "to": [8, 32, 5],
      "faces": {
        "north": { "uv": [8, 6.75, 9, 7], "texture": "#0" },
        "east": { "uv": [9.25, 1.75, 9.5, 2], "texture": "#0" },
        "south": { "uv": [8, 7, 9, 7.25], "texture": "#0" },
        "west": { "uv": [2, 9.25, 2.25, 9.5], "texture": "#0" },
        "up": { "uv": [9, 7.5, 8, 7.25], "texture": "#0" },
        "down": { "uv": [9.25, 3.25, 8.25, 3.5], "texture": "#0" }
      }
    },
    {
      "from": [4, 31, 11],
      "to": [8, 32, 12],
      "faces": {
        "north": { "uv": [8.25, 3.5, 9.25, 3.75], "texture": "#0" },
        "east": { "uv": [2.25, 9.25, 2.5, 9.5], "texture": "#0" },
        "south": { "uv": [8.25, 3.75, 9.25, 4], "texture": "#0" },
        "west": { "uv": [9.25, 2.75, 9.5, 3], "texture": "#0" },
        "up": { "uv": [5, 8.5, 4, 8.25], "texture": "#0" },
        "down": { "uv": [9.25, 4, 8.25, 4.25], "texture": "#0" }
      }
    },
    {
      "from": [8, 0, 5],
      "to": [9, 1, 6],
      "faces": {
        "north": { "uv": [6.75, 9.25, 7, 9.5], "texture": "#0" },
        "east": { "uv": [9.25, 6.75, 9.5, 7], "texture": "#0" },
        "south": { "uv": [7, 9.25, 7.25, 9.5], "texture": "#0" },
        "west": { "uv": [9.25, 7, 9.5, 7.25], "texture": "#0" },
        "up": { "uv": [7.5, 9.5, 7.25, 9.25], "texture": "#0" },
        "down": { "uv": [7.75, 9.25, 7.5, 9.5], "texture": "#0" }
      }
    },
    {
      "from": [3, 0, 5],
      "to": [4, 1, 6],
      "faces": {
        "north": { "uv": [8, 9.25, 8.25, 9.5], "texture": "#0" },
        "east": { "uv": [8.25, 9.25, 8.5, 9.5], "texture": "#0" },
        "south": { "uv": [8.5, 9.25, 8.75, 9.5], "texture": "#0" },
        "west": { "uv": [8.75, 9.25, 9, 9.5], "texture": "#0" },
        "up": { "uv": [9.5, 9, 9.25, 8.75], "texture": "#0" },
        "down": { "uv": [9.25, 9.25, 9, 9.5], "texture": "#0" }
      }
    },
    {
      "from": [8, 0, 10],
      "to": [9, 1, 11],
      "faces": {
        "north": { "uv": [9.25, 9, 9.5, 9.25], "texture": "#0" },
        "east": { "uv": [9.25, 9.25, 9.5, 9.5], "texture": "#0" },
        "south": { "uv": [9.5, 0, 9.75, 0.25], "texture": "#0" },
        "west": { "uv": [9.5, 0.25, 9.75, 0.5], "texture": "#0" },
        "up": { "uv": [9.75, 1.25, 9.5, 1], "texture": "#0" },
        "down": { "uv": [9.75, 1.25, 9.5, 1.5], "texture": "#0" }
      }
    },
    {
      "from": [3, 0, 10],
      "to": [4, 1, 11],
      "faces": {
        "north": { "uv": [9.5, 1.5, 9.75, 1.75], "texture": "#0" },
        "east": { "uv": [9.5, 1.75, 9.75, 2], "texture": "#0" },
        "south": { "uv": [2, 9.5, 2.25, 9.75], "texture": "#0" },
        "west": { "uv": [9.5, 2, 9.75, 2.25], "texture": "#0" },
        "up": { "uv": [2.5, 9.75, 2.25, 9.5], "texture": "#0" },
        "down": { "uv": [9.75, 2.25, 9.5, 2.5], "texture": "#0" }
      }
    },
    {
      "from": [9, 0, 6],
      "to": [10, 1, 10],
      "faces": {
        "north": { "uv": [2.5, 9.5, 2.75, 9.75], "texture": "#0" },
        "east": { "uv": [5, 8.25, 6, 8.5], "texture": "#0" },
        "south": { "uv": [9.5, 2.5, 9.75, 2.75], "texture": "#0" },
        "west": { "uv": [8.25, 5.25, 9.25, 5.5], "texture": "#0" },
        "up": { "uv": [7, 9, 6.75, 8], "texture": "#0" },
        "down": { "uv": [7.25, 8.25, 7, 9.25], "texture": "#0" }
      }
    },
    {
      "from": [2, 0, 6],
      "to": [3, 1, 10],
      "faces": {
        "north": { "uv": [2.75, 9.5, 3, 9.75], "texture": "#0" },
        "east": { "uv": [8.25, 5.5, 9.25, 5.75], "texture": "#0" },
        "south": { "uv": [9.5, 2.75, 9.75, 3], "texture": "#0" },
        "west": { "uv": [8.25, 5.75, 9.25, 6], "texture": "#0" },
        "up": { "uv": [7.5, 9.25, 7.25, 8.25], "texture": "#0" },
        "down": { "uv": [7.75, 8.25, 7.5, 9.25], "texture": "#0" }
      }
    },
    {
      "from": [4, 0, 4],
      "to": [8, 1, 5],
      "faces": {
        "north": { "uv": [8.25, 6, 9.25, 6.25], "texture": "#0" },
        "east": { "uv": [3, 9.5, 3.25, 9.75], "texture": "#0" },
        "south": { "uv": [7.75, 8.25, 8.75, 8.5], "texture": "#0" },
        "west": { "uv": [9.5, 3, 9.75, 3.25], "texture": "#0" },
        "up": { "uv": [9.5, 2.25, 8.5, 2], "texture": "#0" },
        "down": { "uv": [9.5, 2.25, 8.5, 2.5], "texture": "#0" }
      }
    },
    {
      "from": [4, 0, 11],
      "to": [8, 1, 12],
      "faces": {
        "north": { "uv": [8.5, 2.5, 9.5, 2.75], "texture": "#0" },
        "east": { "uv": [3.25, 9.5, 3.5, 9.75], "texture": "#0" },
        "south": { "uv": [4, 8.5, 5, 8.75], "texture": "#0" },
        "west": { "uv": [9.5, 3.25, 9.75, 3.5], "texture": "#0" },
        "up": { "uv": [6, 8.75, 5, 8.5], "texture": "#0" },
        "down": { "uv": [9.5, 7.5, 8.5, 7.75], "texture": "#0" }
      }
    },
    {
      "from": [8, 19, 5],
      "to": [11, 22, 7],
      "faces": {
        "north": { "uv": [7, 7.5, 7.75, 8.25], "texture": "#0" },
        "east": { "uv": [2, 8, 2.5, 8.75], "texture": "#0" },
        "south": { "uv": [7.75, 7.5, 8.5, 8.25], "texture": "#0" },
        "west": { "uv": [8, 2, 8.5, 2.75], "texture": "#0" },
        "up": { "uv": [3.25, 8.5, 2.5, 8], "texture": "#0" },
        "down": { "uv": [8.75, 2.75, 8, 3.25], "texture": "#0" }
      }
    },
    {
      "from": [9, 17, 7],
      "to": [14, 19, 9],
      "faces": {
        "north": { "uv": [2, 7.5, 3.25, 8], "texture": "#0" },
        "east": { "uv": [2.5, 8.5, 3, 9], "texture": "#0" },
        "south": { "uv": [3.25, 7.5, 4.5, 8], "texture": "#0" },
        "west": { "uv": [7.75, 8.5, 8.25, 9], "texture": "#0" },
        "up": { "uv": [5.75, 8, 4.5, 7.5], "texture": "#0" },
        "down": { "uv": [7, 7.5, 5.75, 8], "texture": "#0" }
      }
    },
    {
      "from": [9, 14, 7],
      "to": [13, 15, 9],
      "faces": {
        "north": { "uv": [8.5, 7.75, 9.5, 8], "texture": "#0" },
        "east": { "uv": [9, 0, 9.5, 0.25], "texture": "#0" },
        "south": { "uv": [8.5, 8, 9.5, 8.25], "texture": "#0" },
        "west": { "uv": [9, 0.25, 9.5, 0.5], "texture": "#0" },
        "up": { "uv": [9, 0.5, 8, 0], "texture": "#0" },
        "down": { "uv": [9, 0.5, 8, 1], "texture": "#0" }
      }
    },
    {
      "from": [13, 15, 7],
      "to": [14, 17, 9],
      "faces": {
        "north": { "uv": [3, 8.5, 3.25, 9], "texture": "#0" },
        "east": { "uv": [8.25, 8.5, 8.75, 9], "texture": "#0" },
        "south": { "uv": [9, 0.5, 9.25, 1], "texture": "#0" },
        "west": { "uv": [2, 8.75, 2.5, 9.25], "texture": "#0" },
        "up": { "uv": [9.25, 1.5, 9, 1], "texture": "#0" },
        "down": { "uv": [9.25, 1.5, 9, 2], "texture": "#0" }
      }
    },
    {
      "from": [11, 25, 7],
      "to": [12, 27, 9],
      "faces": {
        "north": { "uv": [2.5, 9, 2.75, 9.5], "texture": "#0" },
        "east": { "uv": [8.75, 2.75, 9.25, 3.25], "texture": "#0" },
        "south": { "uv": [2.75, 9, 3, 9.5], "texture": "#0" },
        "west": { "uv": [4, 8.75, 4.5, 9.25], "texture": "#0" },
        "up": { "uv": [3.25, 9.5, 3, 9], "texture": "#0" },
        "down": { "uv": [3.5, 9, 3.25, 9.5], "texture": "#0" }
      }
    },
    {
      "from": [13, 23, 7],
      "to": [14, 25, 9],
      "faces": {
        "north": { "uv": [3.5, 9, 3.75, 9.5], "texture": "#0" },
        "east": { "uv": [4.5, 8.75, 5, 9.25], "texture": "#0" },
        "south": { "uv": [3.75, 9, 4, 9.5], "texture": "#0" },
        "west": { "uv": [5, 8.75, 5.5, 9.25], "texture": "#0" },
        "up": { "uv": [9.25, 4.75, 9, 4.25], "texture": "#0" },
        "down": { "uv": [9.25, 4.75, 9, 5.25], "texture": "#0" }
      }
    },
    {
      "from": [9, 22, 7],
      "to": [13, 23, 9],
      "faces": {
        "north": { "uv": [8.75, 8.25, 9.75, 8.5], "texture": "#0" },
        "east": { "uv": [6, 9, 6.5, 9.25], "texture": "#0" },
        "south": { "uv": [8.75, 8.5, 9.75, 8.75], "texture": "#0" },
        "west": { "uv": [9, 6.25, 9.5, 6.5], "texture": "#0" },
        "up": { "uv": [9, 1.5, 8, 1], "texture": "#0" },
        "down": { "uv": [9, 1.5, 8, 2], "texture": "#0" }
      }
    },
    {
      "from": [12, 24, 7],
      "to": [13, 25, 9],
      "faces": {
        "north": { "uv": [3.5, 9.5, 3.75, 9.75], "texture": "#0" },
        "east": { "uv": [6.5, 9, 7, 9.25], "texture": "#0" },
        "south": { "uv": [9.5, 3.5, 9.75, 3.75], "texture": "#0" },
        "west": { "uv": [9, 6.5, 9.5, 6.75], "texture": "#0" },
        "up": { "uv": [9.25, 7.25, 9, 6.75], "texture": "#0" },
        "down": { "uv": [8, 9, 7.75, 9.5], "texture": "#0" }
      }
    },
    {
      "from": [9, 27, 7],
      "to": [11, 28, 9],
      "faces": {
        "north": { "uv": [9, 7.25, 9.5, 7.5], "texture": "#0" },
        "east": { "uv": [8, 9, 8.5, 9.25], "texture": "#0" },
        "south": { "uv": [9.25, 0.5, 9.75, 0.75], "texture": "#0" },
        "west": { "uv": [9.25, 0.75, 9.75, 1], "texture": "#0" },
        "up": { "uv": [6, 9.25, 5.5, 8.75], "texture": "#0" },
        "down": { "uv": [9.25, 8.75, 8.75, 9.25], "texture": "#0" }
      }
    }
  ],
  "display": {
    "thirdperson_righthand": {
      "rotation": [0, -97, -90],
      "translation": [3.5, 1, -6.75],
      "scale": [0.8, 0.8, 0.8]
    },
    "thirdperson_lefthand": {
      "rotation": [0, 84, 89],
      "translation": [3.75, 1, -6.75],
      "scale": [0.8, 0.8, 0.8]
    },
    "firstperson_righthand": {
      "rotation": [102, -90, 0],
      "translation": [2.75, 2.25, 0]
    },
    "firstperson_lefthand": {
      "rotation": [102, 90, 0],
      "translation": [2.75, 2.25, 0]
    },
    "ground": {
      "rotation": [90, -90, 0],
      "translation": [0, 0, -7],
      "scale": [0.8, 0.8, 0.8]
    },
    "gui": {
      "rotation": [149, 0, 44],
      "translation": [3.75, 2, 0],
      "scale": [0.5, 0.5, 0.5]
    },
    "fixed": {
      "rotation": [-8.25, -90, 0],
      "translation": [-0.75, -9.5, -5.5],
      "scale": [1.65, 1.65, 1.65]
    }
  },
  "groups": [
    {
      "name": "group",
      "origin": [0, 0, 0],
      "color": 0,
      "children": [0, 1, 2, 3]
    },
    {
      "name": "group",
      "origin": [0, 0, 0],
      "color": 0,
      "children": [4, 5, 6, 7, 8, 9, 10, 11]
    },
    {
      "name": "group",
      "origin": [0, 0, 0],
      "color": 0,
      "children": [12, 13, 14, 15, 16, 17, 18, 19]
    },
    {
      "name": "group",
      "origin": [0, 0, 0],
      "color": 0,
      "children": [20, 21, 22, 23]
    },
    {
      "name": "group",
      "origin": [0, 0, 0],
      "color": 0,
      "children": [24, 25, 26, 27, 28]
    }
  ]
}
