{
	"credit": "Made with Blockbench",
	"texture_size": [64, 64],
	"textures": {
		"0": "block/straw",
		"1": "block/glass",
		"particle": "block/straw"
	},
	"elements": [
		{
			"from": [4, 1, 4],
			"to": [12, 2, 12],
			"faces": {
				"north": {"uv": [6, 7, 8, 7.25], "texture": "#1"},
				"east": {"uv": [6, 7.25, 8, 7.5], "texture": "#1"},
				"south": {"uv": [7.5, 4, 9.5, 4.25], "texture": "#1"},
				"west": {"uv": [7.5, 4.25, 9.5, 4.5], "texture": "#1"},
				"up": {"uv": [8, 2, 6, 0], "texture": "#1"},
				"down": {"uv": [8, 2, 6, 4], "texture": "#1"}
			}
		},
		{
			"from": [5, 1, 3],
			"to": [11, 14, 4],
			"faces": {
				"north": {"uv": [0, 0, 1.5, 3.25], "texture": "#1"},
				"east": {"uv": [0, 6.5, 0.25, 9.75], "texture": "#1"},
				"south": {"uv": [1.5, 0, 3, 3.25], "texture": "#1"},
				"west": {"uv": [0.25, 6.5, 0.5, 9.75], "texture": "#1"},
				"up": {"uv": [9, 4.75, 7.5, 4.5], "texture": "#1"},
				"down": {"uv": [9, 4.75, 7.5, 5], "texture": "#1"}
			}
		},
		{
			"from": [5, 1, 12],
			"to": [11, 14, 13],
			"faces": {
				"north": {"uv": [3, 0, 4.5, 3.25], "texture": "#1"},
				"east": {"uv": [0.5, 6.5, 0.75, 9.75], "texture": "#1"},
				"south": {"uv": [0, 3.25, 1.5, 6.5], "texture": "#1"},
				"west": {"uv": [0.75, 6.5, 1, 9.75], "texture": "#1"},
				"up": {"uv": [9, 5.25, 7.5, 5], "texture": "#1"},
				"down": {"uv": [9, 5.25, 7.5, 5.5], "texture": "#1"}
			}
		},
		{
			"from": [12, 1, 5],
			"to": [13, 14, 11],
			"rotation": {"angle": 0, "axis": "y", "origin": [8, 0.5, 8]},
			"faces": {
				"north": {"uv": [1, 6.5, 1.25, 9.75], "texture": "#1"},
				"east": {"uv": [1.5, 3.25, 3, 6.5], "texture": "#1"},
				"south": {"uv": [1.25, 6.5, 1.5, 9.75], "texture": "#1"},
				"west": {"uv": [3, 3.25, 4.5, 6.5], "texture": "#1"},
				"up": {"uv": [7.75, 7, 7.5, 5.5], "texture": "#1"},
				"down": {"uv": [6.25, 7.5, 6, 9], "texture": "#1"}
			}
		},
		{
			"from": [3, 1, 5],
			"to": [4, 14, 11],
			"rotation": {"angle": 0, "axis": "y", "origin": [8, 0.5, 8]},
			"faces": {
				"north": {"uv": [1.5, 6.5, 1.75, 9.75], "texture": "#1"},
				"east": {"uv": [4.5, 0, 6, 3.25], "texture": "#1"},
				"south": {"uv": [1.75, 6.5, 2, 9.75], "texture": "#1"},
				"west": {"uv": [4.5, 3.25, 6, 6.5], "texture": "#1"},
				"up": {"uv": [6.5, 9, 6.25, 7.5], "texture": "#1"},
				"down": {"uv": [6.75, 7.5, 6.5, 9], "texture": "#1"}
			}
		},
		{
			"from": [4, 2, 4],
			"to": [5, 14, 5],
			"faces": {
				"north": {"uv": [2, 6.5, 2.25, 9.5], "texture": "#1"},
				"east": {"uv": [2.25, 6.5, 2.5, 9.5], "texture": "#1"},
				"south": {"uv": [2.5, 6.5, 2.75, 9.5], "texture": "#1"},
				"west": {"uv": [2.75, 6.5, 3, 9.5], "texture": "#1"},
				"up": {"uv": [8.25, 4, 8, 3.75], "texture": "#1"},
				"down": {"uv": [8.25, 7, 8, 7.25], "texture": "#1"}
			}
		},
		{
			"from": [4, 2, 11],
			"to": [5, 14, 12],
			"faces": {
				"north": {"uv": [3, 6.5, 3.25, 9.5], "texture": "#1"},
				"east": {"uv": [3.25, 6.5, 3.5, 9.5], "texture": "#1"},
				"south": {"uv": [3.5, 6.5, 3.75, 9.5], "texture": "#1"},
				"west": {"uv": [3.75, 6.5, 4, 9.5], "texture": "#1"},
				"up": {"uv": [7.5, 8.25, 7.25, 8], "texture": "#1"},
				"down": {"uv": [8.25, 7.25, 8, 7.5], "texture": "#1"}
			}
		},
		{
			"from": [11, 2, 4],
			"to": [12, 14, 5],
			"faces": {
				"north": {"uv": [4, 6.5, 4.25, 9.5], "texture": "#1"},
				"east": {"uv": [4.25, 6.5, 4.5, 9.5], "texture": "#1"},
				"south": {"uv": [4.5, 6.5, 4.75, 9.5], "texture": "#1"},
				"west": {"uv": [4.75, 6.5, 5, 9.5], "texture": "#1"},
				"up": {"uv": [7.75, 8.25, 7.5, 8], "texture": "#1"},
				"down": {"uv": [8, 8, 7.75, 8.25], "texture": "#1"}
			}
		},
		{
			"from": [11, 2, 11],
			"to": [12, 14, 12],
			"faces": {
				"north": {"uv": [5, 6.5, 5.25, 9.5], "texture": "#1"},
				"east": {"uv": [5.25, 6.5, 5.5, 9.5], "texture": "#1"},
				"south": {"uv": [5.5, 6.5, 5.75, 9.5], "texture": "#1"},
				"west": {"uv": [5.75, 6.5, 6, 9.5], "texture": "#1"},
				"up": {"uv": [8.25, 8.25, 8, 8], "texture": "#1"},
				"down": {"uv": [8.5, 1.25, 8.25, 1.5], "texture": "#1"}
			}
		},
		{
			"from": [5, 0, 5],
			"to": [11, 1, 11],
			"faces": {
				"north": {"uv": [6.75, 7.5, 8.25, 7.75], "texture": "#1"},
				"east": {"uv": [7.75, 5.5, 9.25, 5.75], "texture": "#1"},
				"south": {"uv": [7.75, 5.75, 9.25, 6], "texture": "#1"},
				"west": {"uv": [7.75, 6, 9.25, 6.25], "texture": "#1"},
				"up": {"uv": [7.5, 5.5, 6, 4], "texture": "#1"},
				"down": {"uv": [7.5, 5.5, 6, 7], "texture": "#1"}
			}
		},
		{
			"from": [6, 0, 4],
			"to": [10, 1, 5],
			"faces": {
				"north": {"uv": [7.75, 6.25, 8.75, 6.5], "texture": "#1"},
				"east": {"uv": [8.25, 1.5, 8.5, 1.75], "texture": "#1"},
				"south": {"uv": [7.75, 6.5, 8.75, 6.75], "texture": "#1"},
				"west": {"uv": [8.25, 1.75, 8.5, 2], "texture": "#1"},
				"up": {"uv": [7.75, 8, 6.75, 7.75], "texture": "#1"},
				"down": {"uv": [8.75, 6.75, 7.75, 7], "texture": "#1"}
			}
		},
		{
			"from": [6, 0, 11],
			"to": [10, 1, 12],
			"faces": {
				"north": {"uv": [7.75, 7.75, 8.75, 8], "texture": "#1"},
				"east": {"uv": [8.25, 2, 8.5, 2.25], "texture": "#1"},
				"south": {"uv": [8, 0, 9, 0.25], "texture": "#1"},
				"west": {"uv": [8.25, 2.25, 8.5, 2.5], "texture": "#1"},
				"up": {"uv": [9, 0.5, 8, 0.25], "texture": "#1"},
				"down": {"uv": [9, 0.5, 8, 0.75], "texture": "#1"}
			}
		},
		{
			"from": [4, 0, 6],
			"to": [5, 1, 10],
			"rotation": {"angle": 0, "axis": "y", "origin": [8, 0.5, 8]},
			"faces": {
				"north": {"uv": [8.25, 2.5, 8.5, 2.75], "texture": "#1"},
				"east": {"uv": [8, 0.75, 9, 1], "texture": "#1"},
				"south": {"uv": [8.25, 2.75, 8.5, 3], "texture": "#1"},
				"west": {"uv": [8, 1, 9, 1.25], "texture": "#1"},
				"up": {"uv": [8.25, 2.25, 8, 1.25], "texture": "#1"},
				"down": {"uv": [8.25, 2.25, 8, 3.25], "texture": "#1"}
			}
		},
		{
			"from": [11, 0, 6],
			"to": [12, 1, 10],
			"rotation": {"angle": 0, "axis": "y", "origin": [8, 0.5, 8]},
			"faces": {
				"north": {"uv": [8.25, 3, 8.5, 3.25], "texture": "#1"},
				"east": {"uv": [8, 3.25, 9, 3.5], "texture": "#1"},
				"south": {"uv": [8.25, 3.75, 8.5, 4], "texture": "#1"},
				"west": {"uv": [8, 3.5, 9, 3.75], "texture": "#1"},
				"up": {"uv": [7, 9, 6.75, 8], "texture": "#1"},
				"down": {"uv": [7.25, 8, 7, 9], "texture": "#1"}
			}
		},
		{
			"from": [4.5, 5, 7.5],
			"to": [5.5, 22, 8.5],
			"rotation": {"angle": -22.5, "axis": "z", "origin": [0, 0, 0]},
			"faces": {
				"north": {"uv": [0, 0, 0.5, 8.5], "texture": "#0"},
				"east": {"uv": [0.5, 0, 1, 8.5], "texture": "#0"},
				"south": {"uv": [1, 0, 1.5, 8.5], "texture": "#0"},
				"west": {"uv": [1.5, 0, 2, 8.5], "texture": "#0"},
				"up": {"uv": [2.5, 0.5, 2, 0], "texture": "#0"},
				"down": {"uv": [2.5, 0.5, 2, 1], "texture": "#0"}
			}
		}
	],
	"display": {
		"thirdperson_righthand": {
			"rotation": [58.6, 32.68, 4.88],
			"translation": [-0.75, 2, 0.75],
			"scale": [0.34, 0.34, 0.34]
		},
		"thirdperson_lefthand": {
			"rotation": [58.6, 32.68, 4.88],
			"translation": [-0.75, 2, 0.75],
			"scale": [0.34, 0.34, 0.34]
		},
		"firstperson_righthand": {
			"rotation": [0, 115, 0],
			"translation": [1, 2, 0],
			"scale": [0.54, 0.54, 0.54]
		},
		"firstperson_lefthand": {
			"rotation": [0, 115, 0],
			"translation": [1, 2, 0],
			"scale": [0.54, 0.54, 0.54]
		},
		"ground": {
			"translation": [-1, 1.5, 0],
			"scale": [0.72, 0.72, 0.72]
		},
		"gui": {
			"rotation": [27, -146, 0],
			"translation": [0.25, -1.5, 0],
			"scale": [0.64, 0.64, 0.64]
		},
		"head": {
			"rotation": [25.1, -90, 4.88],
			"translation": [0, -7.5, -10],
			"scale": [0.44, 0.44, 0.44]
		},
		"fixed": {
			"rotation": [-90, 0, 0],
			"translation": [0, 0.5, -12.25],
			"scale": [1.58, 1.58, 1.58]
		}
	},
	"groups": [
		{
			"name": "group",
			"origin": [8, 0.5, 8],
			"color": 0,
			"children": [0, 1, 2, 3, 4, 5, 6, 7, 8, 9, 10, 11, 12, 13]
		},
		14
	]
}