{
	"credit": "Made with Blockbench",
	"textures": {
		"0": "item/gennama_front",
		"1": "item/gennama_back",
		"particle": "item/gennama_front"
	},
	"elements": [
		{
			"name": "gennama_front_0",
			"from": [0, 0, 4],
			"to": [16, 0.25, 12],
			"faces": {
				"north": {"uv": [16, 0, 0, 0.5], "texture": "#0"},
				"east": {"uv": [15.75, 0, 16, 16], "rotation": 90, "texture": "#0"},
				"south": {"uv": [0, 15.5, 16, 16], "texture": "#0"},
				"west": {"uv": [0, 0, 0.25, 16], "rotation": 270, "texture": "#0"},
				"up": {"uv": [0, 0, 16, 16], "texture": "#0"},
				"down": {"uv": [0, 16, 16, 0], "texture": "#0"}
			}
		},
		{
			"name": "gennama_back_0",
			"from": [0, -0.05, 4],
			"to": [16, 0.2, 12],
			"rotation": {"angle": 0, "axis": "z", "origin": [8, 0.075, 8]},
			"faces": {
				"north": {"uv": [16, 0, 0, 0.5], "rotation": 180, "texture": "#1"},
				"east": {"uv": [0, 0, 0.25, 16], "rotation": 90, "texture": "#1"},
				"south": {"uv": [0, 15.5, 16, 16], "rotation": 180, "texture": "#1"},
				"west": {"uv": [15.75, 0, 16, 16], "rotation": 270, "texture": "#1"},
				"up": {"uv": [0, 16, 16, 0], "rotation": 180, "texture": "#1"},
				"down": {"uv": [0, 0, 16, 16], "rotation": 180, "texture": "#1"}
			}
		}
	],
	"display": {
		"thirdperson_righthand": {
			"rotation": [70, -15, 0],
			"translation": [-2, 3, 2.5],
			"scale": [0.44, 0.44, 0.44]
		},
		"thirdperson_lefthand": {
			"rotation": [70, -15, 0],
			"translation": [-2, 3, 2.5],
			"scale": [0.44, 0.44, 0.44]
		},
		"firstperson_righthand": {
			"rotation": [47.71, -34.65, 31.99],
			"translation": [0, 9.25, 0]
		},
		"firstperson_lefthand": {
			"rotation": [87, -48.83, -110.97],
			"translation": [10, -0.75, -7.75]
		},
		"ground": {
			"translation": [0, 2.5, 0],
			"scale": [0.51, 0.51, 0.51]
		},
		"gui": {
			"rotation": [60.4, -21.98, 6.58],
			"translation": [-0.5, 3.5, 0],
			"scale": [0.87, 0.87, 0.87]
		},
		"head": {
			"rotation": [104, 0, 180],
			"translation": [0, -5, -12],
			"scale": [0.67, 0.67, 0.67]
		},
		"fixed": {
			"rotation": [-90, 0, 0],
			"translation": [0, 0, -6.25]
		}
	},
	"groups": [
		{
			"name": "gennama_front",
			"origin": [8, 8, 8],
			"color": 0,
			"children": [0]
		},
		{
			"name": "gennama_back",
			"origin": [8, 8, 8],
			"color": 0,
			"children": [1]
		}
	]
}