{
	"credit": "Made with Blockbench",
	"texture_size": [32, 32],
	"textures": {
		"0": "crossbow",
		"particle": "crossbow"
	},
	"elements": [
		{
			"name": "body-back",
			"from": [8, 5, 10],
			"to": [9, 7, 15],
			"faces": {
				"north": {"uv": [10, 1, 10.5, 2], "texture": "#0"},
				"east": {"uv": [6, 5.5, 8.5, 6.5], "texture": "#0"},
				"south": {"uv": [2.5, 10, 3, 11], "texture": "#0"},
				"west": {"uv": [2.5, 6.5, 5, 7.5], "texture": "#0"},
				"up": {"uv": [4.5, 11.5, 4, 9], "texture": "#0"},
				"down": {"uv": [8, 9, 7.5, 11.5], "texture": "#0"}
			}
		},
		{
			"name": "body",
			"from": [8, 4, 2],
			"to": [9, 7, 10],
			"faces": {
				"north": {"uv": [8, 9, 8.5, 10.5], "texture": "#0"},
				"east": {"uv": [0, 0, 4, 1.5], "texture": "#0"},
				"south": {"uv": [9, 8, 9.5, 9.5], "texture": "#0"},
				"west": {"uv": [0, 1.5, 4, 3], "texture": "#0"},
				"up": {"uv": [5, 11.5, 4.5, 7.5], "texture": "#0"},
				"down": {"uv": [5.5, 8, 5, 12], "texture": "#0"}
			}
		},
		{
			"name": "body-back",
			"from": [7, 5, 14],
			"to": [10, 8, 16],
			"faces": {
				"north": {"uv": [3, 7.5, 4.5, 9], "texture": "#0"},
				"east": {"uv": [9, 1, 10, 2.5], "texture": "#0"},
				"south": {"uv": [7.5, 3, 9, 4.5], "texture": "#0"},
				"west": {"uv": [1.5, 9, 2.5, 10.5], "texture": "#0"},
				"up": {"uv": [10, 6.5, 8.5, 5.5], "texture": "#0"},
				"down": {"uv": [4, 9, 2.5, 10], "texture": "#0"}
			}
		},
		{
			"name": "bopy-center-bottom",
			"from": [7, 3, 10],
			"to": [10, 5, 11],
			"faces": {
				"north": {"uv": [8.5, 0, 10, 1], "texture": "#0"},
				"east": {"uv": [7, 1.5, 7.5, 2.5], "texture": "#0"},
				"south": {"uv": [8.5, 4.5, 10, 5.5], "texture": "#0"},
				"west": {"uv": [10, 0, 10.5, 1], "texture": "#0"},
				"up": {"uv": [7, 2.5, 5.5, 2], "texture": "#0"},
				"down": {"uv": [9.5, 7.5, 8, 8], "texture": "#0"}
			}
		},
		{
			"name": "body-center-top",
			"from": [7, 5, 10],
			"to": [10, 8, 13],
			"faces": {
				"north": {"uv": [5, 6.5, 6.5, 8], "texture": "#0"},
				"east": {"uv": [6.5, 6.5, 8, 8], "texture": "#0"},
				"south": {"uv": [0, 7, 1.5, 8.5], "texture": "#0"},
				"west": {"uv": [7, 0, 8.5, 1.5], "texture": "#0"},
				"up": {"uv": [3, 9, 1.5, 7.5], "texture": "#0"},
				"down": {"uv": [9, 1.5, 7.5, 3], "texture": "#0"}
			}
		},
		{
			"name": "body-front-bottom",
			"from": [7, 3, 3],
			"to": [10, 5, 8],
			"faces": {
				"north": {"uv": [7.5, 8, 9, 9], "texture": "#0"},
				"east": {"uv": [0, 6, 2.5, 7], "texture": "#0"},
				"south": {"uv": [0, 8.5, 1.5, 9.5], "texture": "#0"},
				"west": {"uv": [6, 4.5, 8.5, 5.5], "texture": "#0"},
				"up": {"uv": [4.5, 5.5, 3, 3], "texture": "#0"},
				"down": {"uv": [5.5, 0, 4, 2.5], "texture": "#0"}
			}
		},
		{
			"name": "body-front-top",
			"from": [7, 6, 2.5],
			"to": [10, 8, 8],
			"faces": {
				"north": {"uv": [3, 5.5, 4.5, 6.5], "texture": "#0"},
				"east": {"uv": [4.5, 2.5, 7.5, 3.5], "texture": "#0"},
				"south": {"uv": [8, 6.5, 9.5, 7.5], "texture": "#0"},
				"west": {"uv": [4.5, 3.5, 7.5, 4.5], "texture": "#0"},
				"up": {"uv": [1.5, 6, 0, 3], "texture": "#0"},
				"down": {"uv": [3, 3, 1.5, 6], "texture": "#0"}
			}
		},
		{
			"from": [7, 4, 0],
			"to": [10, 8, 2],
			"faces": {
				"north": {"uv": [4.5, 4.5, 6, 6.5], "texture": "#0"},
				"east": {"uv": [5.5, 8, 6.5, 10], "texture": "#0"},
				"south": {"uv": [5.5, 0, 7, 2], "texture": "#0"},
				"west": {"uv": [6.5, 8, 7.5, 10], "texture": "#0"},
				"up": {"uv": [10.5, 3.5, 9, 2.5], "texture": "#0"},
				"down": {"uv": [10.5, 3.5, 9, 4.5], "texture": "#0"}
			}
		},
		{
			"name": "shojun",
			"from": [6, 6, 8],
			"to": [8, 7, 9],
			"faces": {
				"north": {"uv": [1.5, 7, 2.5, 7.5], "texture": "#0"},
				"east": {"uv": [7, 10, 7.5, 10.5], "texture": "#0"},
				"south": {"uv": [10, 2, 11, 2.5], "texture": "#0"},
				"west": {"uv": [10, 7, 10.5, 7.5], "texture": "#0"},
				"up": {"uv": [4, 10.5, 3, 10], "texture": "#0"},
				"down": {"uv": [11, 4.5, 10, 5], "texture": "#0"}
			}
		},
		{
			"from": [9, 5, -1.4],
			"to": [10, 8, 0],
			"faces": {
				"north": {"uv": [8.5, 9, 9, 10.5], "texture": "#0"},
				"east": {"uv": [0, 9.5, 0.5, 11], "texture": "#0"},
				"south": {"uv": [0.5, 9.5, 1, 11], "texture": "#0"},
				"west": {"uv": [1, 9.5, 1.5, 11], "texture": "#0"},
				"up": {"uv": [4.5, 3, 4, 2.5], "texture": "#0"},
				"down": {"uv": [3, 6, 2.5, 6.5], "texture": "#0"}
			}
		},
		{
			"from": [7, 5, -1.4],
			"to": [8, 8, 0],
			"faces": {
				"north": {"uv": [9.5, 6.5, 10, 8], "texture": "#0"},
				"east": {"uv": [9.5, 8, 10, 9.5], "texture": "#0"},
				"south": {"uv": [9, 9.5, 9.5, 11], "texture": "#0"},
				"west": {"uv": [9.5, 9.5, 10, 11], "texture": "#0"},
				"up": {"uv": [9, 1.5, 8.5, 1], "texture": "#0"},
				"down": {"uv": [10.5, 5, 10, 5.5], "texture": "#0"}
			}
		},
		{
			"from": [8, 7, -1.4],
			"to": [9, 8, 0],
			"faces": {
				"north": {"uv": [5.5, 10, 6, 10.5], "texture": "#0"},
				"east": {"uv": [10, 5.5, 10.5, 6], "texture": "#0"},
				"south": {"uv": [6, 10, 6.5, 10.5], "texture": "#0"},
				"west": {"uv": [10, 6, 10.5, 6.5], "texture": "#0"},
				"up": {"uv": [7, 10.5, 6.5, 10], "texture": "#0"},
				"down": {"uv": [10.5, 6.5, 10, 7], "texture": "#0"}
			}
		}
	],
	"gui_light": "front",
	"display": {
		"thirdperson_righthand": {
			"rotation": [1, 0, 0],
			"translation": [0.5, 7.25, 0],
			"scale": [2.15, 2.15, 2.15]
		},
		"thirdperson_lefthand": {
			"rotation": [1, 0, 0],
			"translation": [2.5, 7.25, 0],
			"scale": [2.15, 2.15, 2.15]
		},
		"firstperson_righthand": {
			"translation": [11, 9, -7.75],
			"scale": [2.25, 3.35, 2.21]
		},
		"firstperson_lefthand": {
			"translation": [11, 9, -7.75],
			"scale": [2.25, 3.35, 2.21]
		},
		"ground": {
			"rotation": [37, 0, 0],
			"translation": [0, 19, 0],
			"scale": [3.44, 3.44, 3.44]
		},
		"gui": {
			"rotation": [-45, 144, 39],
			"translation": [1.5, 0.5, 0]
		},
		"head": {
			"translation": [-1.75, 9.75, -19],
			"scale": [2.79, 2.79, 2.79]
		},
		"fixed": {
			"rotation": [0, 90, 0],
			"translation": [0.75, 2.75, 0]
		}
	},
	"groups": [
		{
			"name": "bodys",
			"origin": [0, 0, 0],
			"color": 0,
			"children": [0, 1, 2, 3, 4, 5, 6, 7, 8]
		},
		{
			"name": "mae",
			"origin": [0, 0, 0],
			"color": 0,
			"children": [9, 10, 11]
		}
	]
}