{
  "parent": "minecraft:item/handheld",
  "textures": {
    "layer0": "minecraft:item/blaze_rod"
  },
  "overrides": [
    {
      "predicate": {
        "custom_model_data": 1
      },
      "model": "minecraft:item/bow_off"
    },
    {
      "predicate": {
        "custom_model_data": 2
      },
      "model": "minecraft:item/bow_yakipan"
    },
    {
      "predicate": {
        "custom_model_data": 3
      },
      "model": "minecraft:item/bow_gonkane"
    },
    {
      "predicate": {
        "custom_model_data": 4
      },
      "model": "minecraft:item/bow_nsome"
    },
    {
      "predicate": {
        "custom_model_data": 5
      },
      "model": "minecraft:item/bow_tarako"
    },
    {
      "predicate": {
        "custom_model_data": 6
      },
      "model": "minecraft:item/bow_genpyon"
    },
    {
      "predicate": {
        "custom_model_data": 7
      },
      "model": "minecraft:item/bow_gutitubo"
    }
  ]
}
