{
  "credit": "Made with Blockbench",
  "textures": {
    "0": "item/revolver_base",
    "7": "item/genpyon_base",
    "particle": "item/revolver_base"
  },
  "elements": [
    {
      "from": [2, 6, 6],
      "to": [6, 10, 10],
      "rotation": { "angle": 0, "axis": "y", "origin": [-1, 2, 0] },
      "faces": {
        "north": { "uv": [0, 3, 2, 5], "texture": "#0" },
        "east": { "uv": [3, 0, 5, 2], "texture": "#0" },
        "south": { "uv": [2, 3, 4, 5], "texture": "#0" },
        "west": { "uv": [4, 2, 6, 4], "texture": "#0" },
        "up": { "uv": [6, 6, 4, 4], "texture": "#0" },
        "down": { "uv": [2, 5, 0, 7], "texture": "#0" }
      }
    },
    {
      "from": [2, 9.7, 7.5],
      "to": [6.5, 10.45, 8.5],
      "rotation": { "angle": 0, "axis": "y", "origin": [-1, 2, 0] },
      "faces": {
        "north": { "uv": [1, 8, 3.25, 8.5], "texture": "#0" },
        "east": { "uv": [4, 9, 4.5, 9.5], "texture": "#0" },
        "south": { "uv": [7, 8, 9.25, 8.5], "texture": "#0" },
        "west": { "uv": [9, 4, 9.5, 4.5], "texture": "#0" },
        "up": { "uv": [10.75, 0.5, 8.5, 0], "texture": "#0" },
        "down": { "uv": [10.75, 0.5, 8.5, 1], "texture": "#0" }
      }
    },
    {
      "from": [0.75, 9.75, 7.75],
      "to": [2.5, 10.25, 8.25],
      "rotation": { "angle": -45, "axis": "z", "origin": [1.375, 10, 8] },
      "faces": {
        "north": { "uv": [4.5, 9, 5.5, 9.25], "texture": "#0" },
        "east": { "uv": [10, 4.5, 10.25, 4.75], "texture": "#0" },
        "south": { "uv": [9, 4.5, 10, 4.75], "texture": "#0" },
        "west": { "uv": [10, 5, 10.25, 5.25], "texture": "#0" },
        "up": { "uv": [10, 5.25, 9, 5], "texture": "#0" },
        "down": { "uv": [10, 5.5, 9, 5.75], "texture": "#0" }
      }
    },
    {
      "from": [1, 6.5, 6.5],
      "to": [2, 9.5, 9.5],
      "rotation": { "angle": 0, "axis": "y", "origin": [-1, 2, 0] },
      "faces": {
        "north": { "uv": [5, 0, 5.5, 1.5], "texture": "#0" },
        "east": { "uv": [7, 0, 8.5, 1.5], "texture": "#0" },
        "south": { "uv": [5.5, 0, 6, 1.5], "texture": "#0" },
        "west": { "uv": [7, 1.5, 8.5, 3], "texture": "#0" },
        "up": { "uv": [4, 9.5, 3.5, 8], "texture": "#0" },
        "down": { "uv": [1.5, 8.5, 1, 10], "texture": "#0" }
      }
    },
    {
      "from": [6.5, 9.7, 7.5],
      "to": [7, 10.2, 8.5],
      "rotation": { "angle": 0, "axis": "y", "origin": [-1, 2, 0] },
      "faces": {
        "north": { "uv": [5.5, 10, 5.75, 10.25], "texture": "#0" },
        "east": { "uv": [0, 10, 0.5, 10.25], "texture": "#0" },
        "south": { "uv": [10, 5.5, 10.25, 5.75], "texture": "#0" },
        "west": { "uv": [0.5, 10, 1, 10.25], "texture": "#0" },
        "up": { "uv": [1.25, 10.5, 1, 10], "texture": "#0" },
        "down": { "uv": [3.25, 10, 3, 10.5], "texture": "#0" }
      }
    },
    {
      "from": [0.5, 0, 7],
      "to": [3.5, 6, 9],
      "rotation": { "angle": 0, "axis": "y", "origin": [-1, 0, 0] },
      "faces": {
        "north": { "uv": [0, 0, 1.5, 3], "texture": "#0" },
        "east": { "uv": [2, 5, 3, 8], "texture": "#0" },
        "south": { "uv": [1.5, 0, 3, 3], "texture": "#0" },
        "west": { "uv": [3, 5, 4, 8], "texture": "#0" },
        "up": { "uv": [8.5, 7, 7, 6], "texture": "#0" },
        "down": { "uv": [8.5, 7, 7, 8], "texture": "#0" }
      }
    },
    {
      "from": [0, 0, 7],
      "to": [0.5, 5, 9],
      "rotation": { "angle": 0, "axis": "y", "origin": [-1, 0, 0] },
      "faces": {
        "north": { "uv": [6.5, 8.5, 6.75, 11], "texture": "#0" },
        "east": { "uv": [6, 6, 7, 8.5], "texture": "#0" },
        "south": { "uv": [7, 8.5, 7.25, 11], "texture": "#0" },
        "west": { "uv": [0, 7, 1, 9.5], "texture": "#0" },
        "up": { "uv": [5.75, 10, 5.5, 9], "texture": "#0" },
        "down": { "uv": [9.25, 6, 9, 7], "texture": "#0" }
      }
    },
    {
      "from": [1, 0.25, 6.5],
      "to": [3, 5.5, 7],
      "rotation": { "angle": 0, "axis": "y", "origin": [-1, 0, 0] },
      "faces": {
        "north": { "uv": [6, 0, 7, 2.75], "texture": "#0" },
        "east": { "uv": [8.5, 1, 8.75, 3.75], "texture": "#0" },
        "south": { "uv": [6, 3, 7, 5.75], "texture": "#0" },
        "west": { "uv": [1.5, 8.5, 1.75, 11.25], "texture": "#0" },
        "up": { "uv": [9.5, 9.25, 8.5, 9], "texture": "#0" },
        "down": { "uv": [1, 9.5, 0, 9.75], "texture": "#0" }
      }
    },
    {
      "from": [1, 0.25, 9],
      "to": [3, 5.5, 9.5],
      "rotation": { "angle": 0, "axis": "y", "origin": [-1, 0, 0] },
      "faces": {
        "north": { "uv": [4, 6, 5, 8.75], "texture": "#0" },
        "east": { "uv": [2, 8.5, 2.25, 11.25], "texture": "#0" },
        "south": { "uv": [5, 6, 6, 8.75], "texture": "#0" },
        "west": { "uv": [2.5, 8.5, 2.75, 11.25], "texture": "#0" },
        "up": { "uv": [10.5, 1.25, 9.5, 1], "texture": "#0" },
        "down": { "uv": [10.5, 1.5, 9.5, 1.75], "texture": "#0" }
      }
    },
    {
      "from": [3.5, 4, 7.25],
      "to": [5.5, 4.5, 8.75],
      "rotation": { "angle": 0, "axis": "y", "origin": [-1, 1, 0] },
      "faces": {
        "north": { "uv": [9.5, 2, 10.5, 2.25], "texture": "#0" },
        "east": { "uv": [3.5, 9.5, 4.25, 9.75], "texture": "#0" },
        "south": { "uv": [9.5, 2.5, 10.5, 2.75], "texture": "#0" },
        "west": { "uv": [9.5, 4, 10.25, 4.25], "texture": "#0" },
        "up": { "uv": [4, 2.75, 3, 2], "texture": "#0" },
        "down": { "uv": [2, 7, 1, 7.75], "texture": "#0" }
      }
    },
    {
      "from": [5.5, 4.5, 7.25],
      "to": [6, 6, 8.75],
      "rotation": { "angle": 0, "axis": "y", "origin": [-1, 1, 0] },
      "faces": {
        "north": { "uv": [4.5, 9.5, 4.75, 10.25], "texture": "#0" },
        "east": { "uv": [8.5, 7, 9.25, 7.75], "texture": "#0" },
        "south": { "uv": [5, 9.5, 5.25, 10.25], "texture": "#0" },
        "west": { "uv": [7.5, 8.5, 8.25, 9.25], "texture": "#0" },
        "up": { "uv": [9.75, 6.75, 9.5, 6], "texture": "#0" },
        "down": { "uv": [9.75, 7, 9.5, 7.75], "texture": "#0" }
      }
    },
    {
      "from": [3.5, 4.5, 7.5],
      "to": [4, 6, 8.5],
      "rotation": { "angle": 0, "axis": "y", "origin": [3.75, 4.25, 8] },
      "faces": {
        "north": { "uv": [7.5, 9.5, 7.75, 10.25], "texture": "#0" },
        "east": { "uv": [9, 1, 9.5, 1.75], "texture": "#0" },
        "south": { "uv": [8, 9.5, 8.25, 10.25], "texture": "#0" },
        "west": { "uv": [9, 2, 9.5, 2.75], "texture": "#0" },
        "up": { "uv": [10.25, 3.5, 10, 3], "texture": "#0" },
        "down": { "uv": [3.75, 10, 3.5, 10.5], "texture": "#0" }
      }
    },
    {
      "from": [13.5, 9.75, 7.5],
      "to": [15.5, 10.25, 8.5],
      "rotation": { "angle": 0, "axis": "y", "origin": [-1, 2, 0] },
      "faces": {
        "north": { "uv": [9, 3, 10, 3.25], "texture": "#0" },
        "east": { "uv": [9.5, 8, 10, 8.25], "texture": "#0" },
        "south": { "uv": [9, 3.5, 10, 3.75], "texture": "#0" },
        "west": { "uv": [8.5, 9.5, 9, 9.75], "texture": "#0" },
        "up": { "uv": [6, 2, 5, 1.5], "texture": "#0" },
        "down": { "uv": [9.5, 8.5, 8.5, 9], "texture": "#0" }
      }
    },
    {
      "from": [15.5, 9.75, 7.5],
      "to": [16, 10.25, 8.5],
      "rotation": { "angle": 0, "axis": "y", "origin": [-1, 2, 0] },
      "faces": {
        "north": { "uv": [10, 3.5, 10.25, 3.75], "texture": "#0" },
        "east": { "uv": [9.5, 8.5, 10, 8.75], "texture": "#0" },
        "south": { "uv": [4, 10, 4.25, 10.25], "texture": "#0" },
        "west": { "uv": [9, 9.5, 9.5, 9.75], "texture": "#0" },
        "up": { "uv": [9.75, 9.5, 9.5, 9], "texture": "#0" },
        "down": { "uv": [9.75, 9.5, 9.5, 10], "texture": "#0" }
      }
    },
    {
      "from": [15.25, 7.25, 6.75],
      "to": [16, 9.75, 9.25],
      "rotation": { "angle": 0, "axis": "y", "origin": [-1, 2, 0] },
      "faces": {
        "north": { "uv": [3, 8.5, 3.5, 9.75], "texture": "#0" },
        "east": { "uv": [7, 3, 8.25, 4.25], "texture": "#0" },
        "south": { "uv": [8.5, 4, 9, 5.25], "texture": "#0" },
        "west": { "uv": [7, 4.5, 8.25, 5.75], "texture": "#0" },
        "up": { "uv": [9, 6.75, 8.5, 5.5], "texture": "#0" },
        "down": { "uv": [6.5, 8.5, 6, 9.75], "texture": "#0" }
      }
    },
    {
      "from": [6, 7.25, 6.75],
      "to": [15.25, 9.75, 9.25],
      "rotation": { "angle": 0, "axis": "y", "origin": [-1, 2, 0] },
      "faces": {
        "north": { "uv": [0, 11, 16, 16], "texture": "#7" },
        "east": { "uv": [10, 0, 12.5, 2.5], "texture": "#7" },
        "south": { "uv": [0, 3.5, 16, 7.25], "rotation": 180, "texture": "#7" },
        "west": { "uv": [10, 3, 12.5, 5.5], "texture": "#7" },
        "up": { "uv": [16, 11, 0, 7.25], "texture": "#7" },
        "down": { "uv": [16, 0, 0, 3.5], "rotation": 180, "texture": "#7" }
      }
    }
  ],
  "display": {
    "thirdperson_righthand": {
      "rotation": [0, 90, 0],
      "translation": [0, 2, -3.5],
      "scale": [0.5, 0.5, 0.5]
    },
    "thirdperson_lefthand": {
      "rotation": [0, -90, 0],
      "translation": [0, 2, -3.5],
      "scale": [0.5, 0.5, 0.5]
    },
    "firstperson_righthand": {
      "rotation": [-10, 165, 46],
      "translation": [0.5, 4.5, 0.25],
      "scale": [0.8, 0.8, 0.8]
    },
    "firstperson_lefthand": {
      "rotation": [-28, -23, -52],
      "translation": [0.5, 5, 0.25],
      "scale": [0.8, 0.8, 0.8]
    },
    "ground": {
      "translation": [0, 2.75, 0],
      "scale": [0.8, 0.8, 0.8]
    },
    "gui": {
      "rotation": [-39, 0, 24],
      "translation": [-0.25, 1.25, 0],
      "scale": [0.81, 0.8, 0.8]
    },
    "head": {
      "translation": [-12.75, 2.5, 0],
      "scale": [0.8, 0.8, 0.8]
    },
    "fixed": {
      "translation": [0, 2, 0]
    }
  },
  "groups": [
    {
      "name": "group",
      "origin": [-1, 2, 0],
      "color": 0,
      "children": [0, 1, 2, 3, 4]
    },
    {
      "name": "group",
      "origin": [-1, 0, 0],
      "color": 0,
      "children": [5, 6, 7, 8]
    },
    {
      "name": "group",
      "origin": [3.75, 4.25, 8],
      "color": 0,
      "children": [9, 10, 11]
    },
    {
      "name": "group",
      "origin": [-1, 2, 0],
      "color": 0,
      "children": [12, 13, 14]
    },
    15
  ]
}
