{
  "credit": "Made with Blockbench",
  "texture_size": [128, 128],
  "textures": {
    "0": "item/gutitubo"
  },
  "elements": [
    {
      "name": "body",
      "from": [0, 31, 0.5],
      "to": [16, 32, 15.5],
      "rotation": { "angle": 0, "axis": "y", "origin": [8, 0, 8] },
      "faces": {
        "north": { "uv": [8.25, 10.375, 10.25, 10.5], "texture": "#0" },
        "east": { "uv": [6.375, 10.375, 8.25, 10.5], "texture": "#0" },
        "south": { "uv": [12.125, 10.375, 14.125, 10.5], "texture": "#0" },
        "west": { "uv": [10.25, 10.375, 12.125, 10.5], "texture": "#0" },
        "up": { "uv": [10.25, 10.375, 8.25, 8.5], "texture": "#0" },
        "down": { "uv": [12.25, 8.5, 10.25, 10.375], "texture": "#0" }
      }
    },
    {
      "name": "body",
      "from": [-1, 20, -0.5],
      "to": [17, 32, 16.5],
      "rotation": { "angle": 0, "axis": "y", "origin": [8, 0, 8] },
      "faces": {
        "north": { "uv": [8.75, 7, 11, 8.5], "texture": "#0" },
        "east": { "uv": [6.625, 7, 8.75, 8.5], "texture": "#0" },
        "south": { "uv": [13.125, 7, 15.375, 8.5], "texture": "#0" },
        "west": { "uv": [11, 7, 13.125, 8.5], "texture": "#0" },
        "up": { "uv": [11, 7, 8.75, 4.875], "texture": "#0" },
        "down": { "uv": [13.25, 4.875, 11, 7], "texture": "#0" }
      }
    },
    {
      "name": "body",
      "from": [17, 21.5, 5],
      "to": [21, 27.5, 11],
      "rotation": { "angle": 0, "axis": "y", "origin": [8, 0, 8] },
      "faces": {
        "north": { "uv": [7.5, 3.75, 8, 4.5], "texture": "#0" },
        "east": { "uv": [6.75, 3.75, 7.5, 4.5], "texture": "#0" },
        "south": { "uv": [8.75, 3.75, 9.25, 4.5], "texture": "#0" },
        "west": { "uv": [8, 3.75, 8.75, 4.5], "texture": "#0" },
        "up": { "uv": [8, 3.75, 7.5, 3], "texture": "#0" },
        "down": { "uv": [8.5, 3, 8, 3.75], "texture": "#0" }
      }
    },
    {
      "name": "body",
      "from": [-5, 21.5, 5],
      "to": [-1, 27.5, 11],
      "rotation": { "angle": 0, "axis": "y", "origin": [8, 0, 8] },
      "faces": {
        "north": { "uv": [0.75, 0.75, 1.25, 1.5], "texture": "#0" },
        "east": { "uv": [0, 0.75, 0.75, 1.5], "texture": "#0" },
        "south": { "uv": [2, 0.75, 2.5, 1.5], "texture": "#0" },
        "west": { "uv": [1.25, 0.75, 2, 1.5], "texture": "#0" },
        "up": { "uv": [1.25, 0.75, 0.75, 0], "texture": "#0" },
        "down": { "uv": [1.75, 0, 1.25, 0.75], "texture": "#0" }
      }
    },
    {
      "name": "body",
      "from": [-3, 17.5, -2],
      "to": [19, 21.5, 18],
      "rotation": { "angle": 0, "axis": "y", "origin": [8, 0, 8] },
      "faces": {
        "north": { "uv": [2.5, 2.5, 5.25, 3], "texture": "#0" },
        "east": { "uv": [0, 2.5, 2.5, 3], "texture": "#0" },
        "south": { "uv": [7.75, 2.5, 10.5, 3], "texture": "#0" },
        "west": { "uv": [5.25, 2.5, 7.75, 3], "texture": "#0" },
        "up": { "uv": [5.25, 2.5, 2.5, 0], "texture": "#0" },
        "down": { "uv": [8, 0, 5.25, 2.5], "texture": "#0" }
      }
    },
    {
      "name": "body",
      "from": [-2, 2.5, -0.5],
      "to": [18, 17.5, 16.5],
      "rotation": { "angle": 0, "axis": "y", "origin": [8, 0, 8] },
      "faces": {
        "north": { "uv": [2, 5, 4.375, 6.75], "texture": "#0" },
        "east": { "uv": [0, 5, 2, 6.75], "texture": "#0" },
        "south": { "uv": [6.375, 5, 8.75, 6.75], "texture": "#0" },
        "west": { "uv": [4.375, 5, 6.375, 6.75], "texture": "#0" },
        "up": { "uv": [4.375, 5, 2, 3], "texture": "#0" },
        "down": { "uv": [6.75, 3, 4.375, 5], "texture": "#0" }
      }
    },
    {
      "name": "body",
      "from": [7.75, 15.25, 16.5],
      "to": [8.75, 16.25, 18.5],
      "rotation": { "angle": 0, "axis": "y", "origin": [8, 0, 8] },
      "faces": {
        "north": { "uv": [0.25, 9.875, 0.375, 10], "texture": "#0" },
        "east": { "uv": [0, 9.875, 0.25, 10], "texture": "#0" },
        "south": { "uv": [0.625, 9.875, 0.75, 10], "texture": "#0" },
        "west": { "uv": [0.375, 9.875, 0.625, 10], "texture": "#0" },
        "up": { "uv": [0.375, 9.875, 0.25, 9.625], "texture": "#0" },
        "down": { "uv": [0.5, 9.625, 0.375, 9.875], "texture": "#0" }
      }
    },
    {
      "name": "body",
      "from": [7.75, 16.25, 18.5],
      "to": [8.75, 19.25, 19.5],
      "rotation": { "angle": 0, "axis": "y", "origin": [8, 0, 8] },
      "faces": {
        "north": { "uv": [0.25, 9.875, 0.375, 10.25], "texture": "#0" },
        "east": { "uv": [0.125, 9.875, 0.25, 10.25], "texture": "#0" },
        "south": { "uv": [0.5, 9.875, 0.625, 10.25], "texture": "#0" },
        "west": { "uv": [0.375, 9.875, 0.5, 10.25], "texture": "#0" },
        "up": { "uv": [0.375, 9.875, 0.25, 9.75], "texture": "#0" },
        "down": { "uv": [0.5, 9.75, 0.375, 9.875], "texture": "#0" }
      }
    },
    {
      "name": "body",
      "from": [7.25, 19.25, 19],
      "to": [9.25, 21.25, 20],
      "rotation": { "angle": 0, "axis": "y", "origin": [8, 0, 8] },
      "faces": {
        "north": { "uv": [10.375, 4.125, 10.625, 4.375], "texture": "#0" },
        "east": { "uv": [10.25, 4.125, 10.375, 4.375], "texture": "#0" },
        "south": { "uv": [10.75, 4.125, 11, 4.375], "texture": "#0" },
        "west": { "uv": [10.625, 4.125, 10.75, 4.375], "texture": "#0" },
        "up": { "uv": [10.625, 4.125, 10.375, 4], "texture": "#0" },
        "down": { "uv": [10.875, 4, 10.625, 4.125], "texture": "#0" }
      }
    },
    {
      "name": "body",
      "from": [7.25, 21.25, 19],
      "to": [9.25, 23.25, 20],
      "rotation": { "angle": 0, "axis": "y", "origin": [8, 0, 8] },
      "faces": {
        "north": { "uv": [9.25, 1.5, 9.5, 1.75], "texture": "#0" },
        "east": { "uv": [9.125, 1.5, 9.25, 1.75], "texture": "#0" },
        "south": { "uv": [9.625, 1.5, 9.875, 1.75], "texture": "#0" },
        "west": { "uv": [9.5, 1.5, 9.625, 1.75], "texture": "#0" },
        "up": { "uv": [9.5, 1.5, 9.25, 1.375], "texture": "#0" },
        "down": { "uv": [9.75, 1.375, 9.5, 1.5], "texture": "#0" }
      }
    },
    {
      "name": "body",
      "from": [7.25, 17.25, 19],
      "to": [9.25, 19.25, 20],
      "rotation": { "angle": 0, "axis": "y", "origin": [8, 0, 8] },
      "faces": {
        "north": { "uv": [9.25, 1.5, 9.5, 1.75], "texture": "#0" },
        "east": { "uv": [9.125, 1.5, 9.25, 1.75], "texture": "#0" },
        "south": { "uv": [9.625, 1.5, 9.875, 1.75], "texture": "#0" },
        "west": { "uv": [9.5, 1.5, 9.625, 1.75], "texture": "#0" },
        "up": { "uv": [9.5, 1.5, 9.25, 1.375], "texture": "#0" },
        "down": { "uv": [9.75, 1.375, 9.5, 1.5], "texture": "#0" }
      }
    },
    {
      "name": "body",
      "from": [5.25, 19.25, 19],
      "to": [7.25, 21.25, 20],
      "rotation": { "angle": 0, "axis": "y", "origin": [8, 0, 8] },
      "faces": {
        "north": { "uv": [9.25, 1.5, 9.5, 1.75], "texture": "#0" },
        "east": { "uv": [9.125, 1.5, 9.25, 1.75], "texture": "#0" },
        "south": { "uv": [9.625, 1.5, 9.875, 1.75], "texture": "#0" },
        "west": { "uv": [9.5, 1.5, 9.625, 1.75], "texture": "#0" },
        "up": { "uv": [9.5, 1.5, 9.25, 1.375], "texture": "#0" },
        "down": { "uv": [9.75, 1.375, 9.5, 1.5], "texture": "#0" }
      }
    },
    {
      "name": "body",
      "from": [9.25, 19.25, 19],
      "to": [11.25, 21.25, 20],
      "rotation": { "angle": 0, "axis": "y", "origin": [8, 0, 8] },
      "faces": {
        "north": { "uv": [9.25, 1.5, 9.5, 1.75], "texture": "#0" },
        "east": { "uv": [9.125, 1.5, 9.25, 1.75], "texture": "#0" },
        "south": { "uv": [9.625, 1.5, 9.875, 1.75], "texture": "#0" },
        "west": { "uv": [9.5, 1.5, 9.625, 1.75], "texture": "#0" },
        "up": { "uv": [9.5, 1.5, 9.25, 1.375], "texture": "#0" },
        "down": { "uv": [9.75, 1.375, 9.5, 1.5], "texture": "#0" }
      }
    },
    {
      "name": "right_leg",
      "from": [9.5, 0, 5],
      "to": [14.5, 2, 10],
      "rotation": { "angle": 0, "axis": "y", "origin": [8, 0, 8] },
      "faces": {
        "north": { "uv": [0.625, 7.625, 1.25, 7.875], "texture": "#0" },
        "east": { "uv": [0, 7.625, 0.625, 7.875], "texture": "#0" },
        "south": { "uv": [1.875, 7.625, 2.5, 7.875], "texture": "#0" },
        "west": { "uv": [1.25, 7.625, 1.875, 7.875], "texture": "#0" },
        "up": { "uv": [1.25, 7.625, 0.625, 7], "texture": "#0" },
        "down": { "uv": [1.875, 7, 1.25, 7.625], "texture": "#0" }
      }
    },
    {
      "name": "left_leg",
      "from": [1.5, 0, 5],
      "to": [6.5, 2, 10],
      "rotation": { "angle": 0, "axis": "y", "origin": [8, 0, 8] },
      "faces": {
        "north": { "uv": [0.625, 2.125, 1.25, 2.375], "texture": "#0" },
        "east": { "uv": [0, 2.125, 0.625, 2.375], "texture": "#0" },
        "south": { "uv": [1.875, 2.125, 2.5, 2.375], "texture": "#0" },
        "west": { "uv": [1.25, 2.125, 1.875, 2.375], "texture": "#0" },
        "up": { "uv": [1.25, 2.125, 0.625, 1.5], "texture": "#0" },
        "down": { "uv": [1.875, 1.5, 1.25, 2.125], "texture": "#0" }
      }
    }
  ],
  "display": {
    "head": {
      "scale": [2, 2, 2]
    }
  },
  "groups": [
    {
      "name": "body",
      "origin": [8, 31, 8],
      "color": 0,
      "children": [0, 1, 2, 3, 4, 5, 6, 7, 8, 9, 10, 11, 12]
    },
    {
      "name": "head",
      "origin": [8, 31, 6],
      "color": 0,
      "children": []
    },
    {
      "name": "right_arm",
      "origin": [8, 31, 8],
      "color": 0,
      "children": []
    },
    {
      "name": "left_arm",
      "origin": [8, 31, 8],
      "color": 0,
      "children": []
    },
    {
      "name": "right_leg",
      "origin": [12, 13, 8],
      "color": 0,
      "children": [13]
    },
    {
      "name": "left_leg",
      "origin": [3, 13, 8],
      "color": 0,
      "children": [14]
    }
  ]
}
