{
	"credit": "Made with Blockbench",
	"textures": {
		"0": "item/potato",
		"1": "item/dish",
		"2": "item/cup",
		"3": "item/soup",
		"4": "item/bread",
		"5": "item/sausage",
		"particle": "item/potato"
	},
	"elements": [
		{
			"from": [2, 0, 2],
			"to": [14, 1, 14],
			"rotation": {"angle": 0, "axis": "y", "origin": [8, 0.5, 8]},
			"faces": {
				"north": {"uv": [6, 0, 12, 0.5], "texture": "#1"},
				"east": {"uv": [6, 0.5, 12, 1], "texture": "#1"},
				"south": {"uv": [6, 1, 12, 1.5], "texture": "#1"},
				"west": {"uv": [6, 1.5, 12, 2], "texture": "#1"},
				"up": {"uv": [6, 6, 0, 0], "texture": "#1"},
				"down": {"uv": [6, 6, 0, 12], "texture": "#1"}
			}
		},
		{
			"from": [3, 0.5, 1],
			"to": [13, 1.5, 2],
			"rotation": {"angle": 0, "axis": "y", "origin": [8, 0.5, 8]},
			"faces": {
				"north": {"uv": [6, 2, 11, 2.5], "texture": "#1"},
				"east": {"uv": [8, 8, 8.5, 8.5], "texture": "#1"},
				"south": {"uv": [6, 2.5, 11, 3], "texture": "#1"},
				"west": {"uv": [8, 8.5, 8.5, 9], "texture": "#1"},
				"up": {"uv": [11, 3.5, 6, 3], "texture": "#1"},
				"down": {"uv": [11, 3.5, 6, 4], "texture": "#1"}
			}
		},
		{
			"from": [3, 0.5, 14],
			"to": [13, 1.5, 15],
			"rotation": {"angle": 0, "axis": "y", "origin": [8, 0.5, 8]},
			"faces": {
				"north": {"uv": [6, 4, 11, 4.5], "texture": "#1"},
				"east": {"uv": [8.5, 8, 9, 8.5], "texture": "#1"},
				"south": {"uv": [6, 4.5, 11, 5], "texture": "#1"},
				"west": {"uv": [8.5, 8.5, 9, 9], "texture": "#1"},
				"up": {"uv": [11, 5.5, 6, 5], "texture": "#1"},
				"down": {"uv": [11, 5.5, 6, 6], "texture": "#1"}
			}
		},
		{
			"from": [1, 0.5, 3],
			"to": [2, 1.5, 13],
			"rotation": {"angle": 0, "axis": "y", "origin": [8, 0.5, 8]},
			"faces": {
				"north": {"uv": [8, 9, 8.5, 9.5], "texture": "#1"},
				"east": {"uv": [6, 6, 11, 6.5], "texture": "#1"},
				"south": {"uv": [9, 8, 9.5, 8.5], "texture": "#1"},
				"west": {"uv": [6, 6.5, 11, 7], "texture": "#1"},
				"up": {"uv": [6.5, 12, 6, 7], "texture": "#1"},
				"down": {"uv": [7, 7, 6.5, 12], "texture": "#1"}
			}
		},
		{
			"from": [14, 0.5, 3],
			"to": [15, 1.5, 13],
			"rotation": {"angle": 0, "axis": "y", "origin": [8, 0.5, 8]},
			"faces": {
				"north": {"uv": [8.5, 9, 9, 9.5], "texture": "#1"},
				"east": {"uv": [7, 7, 12, 7.5], "texture": "#1"},
				"south": {"uv": [9, 8.5, 9.5, 9], "texture": "#1"},
				"west": {"uv": [7, 7.5, 12, 8], "texture": "#1"},
				"up": {"uv": [7.5, 13, 7, 8], "texture": "#1"},
				"down": {"uv": [8, 8, 7.5, 13], "texture": "#1"}
			}
		},
		{
			"from": [2, 1, 2],
			"to": [3, 1.5, 3],
			"faces": {
				"north": {"uv": [9, 9, 9.5, 9.5], "texture": "#1"},
				"east": {"uv": [8, 9.5, 8.5, 10], "texture": "#1"},
				"south": {"uv": [9.5, 8, 10, 8.5], "texture": "#1"},
				"west": {"uv": [8.5, 9.5, 9, 10], "texture": "#1"},
				"up": {"uv": [10, 9, 9.5, 8.5], "texture": "#1"},
				"down": {"uv": [9.5, 9.5, 9, 10], "texture": "#1"}
			}
		},
		{
			"from": [2, 1, 13],
			"to": [3, 1.5, 14],
			"faces": {
				"north": {"uv": [9.5, 9, 10, 9.5], "texture": "#1"},
				"east": {"uv": [9.5, 9.5, 10, 10], "texture": "#1"},
				"south": {"uv": [8, 10, 8.5, 10.5], "texture": "#1"},
				"west": {"uv": [10, 8, 10.5, 8.5], "texture": "#1"},
				"up": {"uv": [9, 10.5, 8.5, 10], "texture": "#1"},
				"down": {"uv": [10.5, 8.5, 10, 9], "texture": "#1"}
			}
		},
		{
			"from": [13, 1, 13],
			"to": [14, 1.5, 14],
			"faces": {
				"north": {"uv": [9, 10, 9.5, 10.5], "texture": "#1"},
				"east": {"uv": [10, 9, 10.5, 9.5], "texture": "#1"},
				"south": {"uv": [9.5, 10, 10, 10.5], "texture": "#1"},
				"west": {"uv": [10, 9.5, 10.5, 10], "texture": "#1"},
				"up": {"uv": [10.5, 10.5, 10, 10], "texture": "#1"},
				"down": {"uv": [8.5, 10.5, 8, 11], "texture": "#1"}
			}
		},
		{
			"from": [13, 1, 2],
			"to": [14, 1.5, 3],
			"faces": {
				"north": {"uv": [10.5, 8, 11, 8.5], "texture": "#1"},
				"east": {"uv": [8.5, 10.5, 9, 11], "texture": "#1"},
				"south": {"uv": [10.5, 8.5, 11, 9], "texture": "#1"},
				"west": {"uv": [9, 10.5, 9.5, 11], "texture": "#1"},
				"up": {"uv": [11, 9.5, 10.5, 9], "texture": "#1"},
				"down": {"uv": [10, 10.5, 9.5, 11], "texture": "#1"}
			}
		},
		{
			"from": [7.5, 1.5, 3.75],
			"to": [8.5, 3.5, 5.75],
			"faces": {
				"north": {"uv": [6, 0, 7, 2], "texture": "#2"},
				"east": {"uv": [0, 0, 2, 2], "texture": "#2"},
				"south": {"uv": [2, 6, 3, 8], "texture": "#2"},
				"west": {"uv": [0, 2, 2, 4], "texture": "#2"},
				"up": {"uv": [7, 4, 6, 2], "texture": "#2"},
				"down": {"uv": [4, 6, 3, 8], "texture": "#2"}
			}
		},
		{
			"from": [8.5, 1.5, 5.75],
			"to": [10.5, 3.5, 6.75],
			"rotation": {"angle": 0, "axis": "y", "origin": [12.5, 3, 4]},
			"faces": {
				"north": {"uv": [2, 0, 4, 2], "texture": "#2"},
				"east": {"uv": [4, 6, 5, 8], "texture": "#2"},
				"south": {"uv": [2, 2, 4, 4], "texture": "#2"},
				"west": {"uv": [6, 4, 7, 6], "texture": "#2"},
				"up": {"uv": [7, 7, 5, 6], "texture": "#2"},
				"down": {"uv": [9, 0, 7, 1], "texture": "#2"}
			}
		},
		{
			"from": [10.5, 1.5, 3.75],
			"to": [11.5, 3.5, 5.75],
			"faces": {
				"north": {"uv": [7, 1, 8, 3], "texture": "#2"},
				"east": {"uv": [0, 4, 2, 6], "texture": "#2"},
				"south": {"uv": [7, 3, 8, 5], "texture": "#2"},
				"west": {"uv": [4, 0, 6, 2], "texture": "#2"},
				"up": {"uv": [6, 9, 5, 7], "texture": "#2"},
				"down": {"uv": [8, 5, 7, 7], "texture": "#2"}
			}
		},
		{
			"from": [8.5, 1.5, 2.75],
			"to": [10.5, 3.5, 3.75],
			"rotation": {"angle": 0, "axis": "y", "origin": [12.5, 3, 4]},
			"faces": {
				"north": {"uv": [2, 4, 4, 6], "texture": "#2"},
				"east": {"uv": [6, 7, 7, 9], "texture": "#2"},
				"south": {"uv": [4, 2, 6, 4], "texture": "#2"},
				"west": {"uv": [7, 7, 8, 9], "texture": "#2"},
				"up": {"uv": [2, 9, 0, 8], "texture": "#2"},
				"down": {"uv": [10, 1, 8, 2], "texture": "#2"}
			}
		},
		{
			"from": [8.5, 0.5, 3.75],
			"to": [10.5, 1.5, 5.75],
			"rotation": {"angle": 0, "axis": "x", "origin": [12.5, 3, 4]},
			"faces": {
				"north": {"uv": [2, 8, 4, 9], "texture": "#2"},
				"east": {"uv": [8, 2, 10, 3], "texture": "#2"},
				"south": {"uv": [8, 3, 10, 4], "texture": "#2"},
				"west": {"uv": [8, 4, 10, 5], "texture": "#2"},
				"up": {"uv": [6, 6, 4, 4], "texture": "#2"},
				"down": {"uv": [2, 6, 0, 8], "texture": "#2"}
			}
		},
		{
			"from": [11.5, 2.75, 4.5],
			"to": [12, 3.5, 5],
			"faces": {
				"north": {"uv": [4, 8, 5, 9], "texture": "#2"},
				"east": {"uv": [8, 5, 9, 6], "texture": "#2"},
				"south": {"uv": [8, 6, 9, 7], "texture": "#2"},
				"west": {"uv": [8, 7, 9, 8], "texture": "#2"},
				"up": {"uv": [9, 9, 8, 8], "texture": "#2"},
				"down": {"uv": [1, 9, 0, 10], "texture": "#2"}
			}
		},
		{
			"from": [12, 2.25, 4.5],
			"to": [12.5, 3, 5],
			"faces": {
				"north": {"uv": [9, 0, 10, 1], "texture": "#2"},
				"east": {"uv": [1, 9, 2, 10], "texture": "#2"},
				"south": {"uv": [2, 9, 3, 10], "texture": "#2"},
				"west": {"uv": [3, 9, 4, 10], "texture": "#2"},
				"up": {"uv": [5, 10, 4, 9], "texture": "#2"},
				"down": {"uv": [6, 9, 5, 10], "texture": "#2"}
			}
		},
		{
			"from": [11.5, 2, 4.5],
			"to": [12, 2.5, 5],
			"faces": {
				"north": {"uv": [9, 5, 10, 6], "texture": "#2"},
				"east": {"uv": [6, 9, 7, 10], "texture": "#2"},
				"south": {"uv": [9, 6, 10, 7], "texture": "#2"},
				"west": {"uv": [7, 9, 8, 10], "texture": "#2"},
				"up": {"uv": [10, 8, 9, 7], "texture": "#2"},
				"down": {"uv": [9, 9, 8, 10], "texture": "#2"}
			}
		},
		{
			"from": [8.5, 2, 3.75],
			"to": [10.5, 3, 5.75],
			"faces": {
				"north": {"uv": [2, 0, 4, 1], "texture": "#3"},
				"east": {"uv": [2, 1, 4, 2], "texture": "#3"},
				"south": {"uv": [2, 2, 4, 3], "texture": "#3"},
				"west": {"uv": [2, 3, 4, 4], "texture": "#3"},
				"up": {"uv": [2, 2, 0, 0], "texture": "#3"},
				"down": {"uv": [2, 2, 0, 4], "texture": "#3"}
			}
		},
		{
			"from": [4.71967, 2.75, 3.34835],
			"to": [6.21967, 4.25, 12.34835],
			"rotation": {"angle": 22.5, "axis": "y", "origin": [6.96967, 2.5625, 7.84835]},
			"faces": {
				"north": {"uv": [4, 4, 6, 6], "texture": "#5"},
				"east": {"uv": [0, 0, 9, 2], "texture": "#5"},
				"south": {"uv": [4, 6, 6, 8], "texture": "#5"},
				"west": {"uv": [0, 2, 9, 4], "texture": "#5"},
				"up": {"uv": [2, 13, 0, 4], "texture": "#5"},
				"down": {"uv": [4, 4, 2, 13], "texture": "#5"}
			}
		},
		{
			"from": [3.96967, 1, 3.34835],
			"to": [6.96967, 2.25, 12.34835],
			"rotation": {"angle": 22.5, "axis": "y", "origin": [6.96967, 2.5625, 7.84835]},
			"faces": {
				"north": {"uv": [5, 4, 6.5, 4.5], "texture": "#4"},
				"east": {"uv": [2, 4.5, 6.5, 5], "texture": "#4"},
				"south": {"uv": [5.5, 6.5, 7, 7], "texture": "#4"},
				"west": {"uv": [5, 0, 9.5, 0.5], "texture": "#4"},
				"up": {"uv": [1.5, 4.5, 0, 0], "texture": "#4"},
				"down": {"uv": [3, 0, 1.5, 4.5], "texture": "#4"}
			}
		},
		{
			"from": [5.96967, 2, 3.34835],
			"to": [7.96967, 3, 12.34835],
			"rotation": {"angle": 22.5, "axis": "y", "origin": [6.96967, 2.5625, 7.84835]},
			"faces": {
				"north": {"uv": [6.5, 6, 7.5, 6.5], "texture": "#4"},
				"east": {"uv": [5, 0.5, 9.5, 1], "texture": "#4"},
				"south": {"uv": [5.5, 7, 6.5, 7.5], "texture": "#4"},
				"west": {"uv": [5, 1, 9.5, 1.5], "texture": "#4"},
				"up": {"uv": [4, 4.5, 3, 0], "texture": "#4"},
				"down": {"uv": [5, 0, 4, 4.5], "texture": "#4"}
			}
		},
		{
			"from": [2.96967, 2, 3.34835],
			"to": [4.96967, 3, 12.34835],
			"rotation": {"angle": 22.5, "axis": "y", "origin": [6.96967, 2.5625, 7.84835]},
			"faces": {
				"north": {"uv": [6.5, 7, 7.5, 7.5], "texture": "#4"},
				"east": {"uv": [5, 1.5, 9.5, 2], "texture": "#4"},
				"south": {"uv": [7, 6.5, 8, 7], "texture": "#4"},
				"west": {"uv": [2, 5, 6.5, 5.5], "texture": "#4"},
				"up": {"uv": [1, 9, 0, 4.5], "texture": "#4"},
				"down": {"uv": [2, 4.5, 1, 9], "texture": "#4"}
			}
		},
		{
			"from": [3.96967, 2, 2.34835],
			"to": [6.96967, 3.5, 3.84835],
			"rotation": {"angle": 22.5, "axis": "y", "origin": [6.96967, 2.5625, 7.84835]},
			"faces": {
				"north": {"uv": [5, 2, 6.5, 3], "texture": "#4"},
				"east": {"uv": [3.5, 6.5, 4.5, 7.5], "texture": "#4"},
				"south": {"uv": [5, 3, 6.5, 4], "texture": "#4"},
				"west": {"uv": [6.5, 4, 7.5, 5], "texture": "#4"},
				"up": {"uv": [3.5, 6.5, 2, 5.5], "texture": "#4"},
				"down": {"uv": [5, 5.5, 3.5, 6.5], "texture": "#4"}
			}
		},
		{
			"from": [3.96967, 2, 11.84835],
			"to": [6.96967, 3.5, 13.34835],
			"rotation": {"angle": 22.5, "axis": "y", "origin": [6.96967, 2.5625, 7.84835]},
			"faces": {
				"north": {"uv": [5, 5.5, 6.5, 6.5], "texture": "#4"},
				"east": {"uv": [4.5, 6.5, 5.5, 7.5], "texture": "#4"},
				"south": {"uv": [2, 6.5, 3.5, 7.5], "texture": "#4"},
				"west": {"uv": [6.5, 5, 7.5, 6], "texture": "#4"},
				"up": {"uv": [8, 3, 6.5, 2], "texture": "#4"},
				"down": {"uv": [8, 3, 6.5, 4], "texture": "#4"}
			}
		},
		{
			"from": [9.5, 1.25, 11],
			"to": [13.5, 2, 11.75],
			"rotation": {"angle": 0, "axis": "y", "origin": [11.5, 1.375, 11.375]},
			"faces": {
				"north": {"uv": [0, 0, 4, 1], "texture": "#0"},
				"east": {"uv": [0, 4, 1, 5], "texture": "#0"},
				"south": {"uv": [0, 1, 4, 2], "texture": "#0"},
				"west": {"uv": [4, 0, 5, 1], "texture": "#0"},
				"up": {"uv": [4, 3, 0, 2], "texture": "#0"},
				"down": {"uv": [4, 3, 0, 4], "texture": "#0"}
			}
		},
		{
			"from": [8.25, 1, 12],
			"to": [12.25, 1.75, 12.75],
			"rotation": {"angle": 0, "axis": "y", "origin": [11.5, 1.375, 11.375]},
			"faces": {
				"north": {"uv": [0, 0, 4, 1], "texture": "#0"},
				"east": {"uv": [0, 4, 1, 5], "texture": "#0"},
				"south": {"uv": [0, 1, 4, 2], "texture": "#0"},
				"west": {"uv": [4, 0, 5, 1], "texture": "#0"},
				"up": {"uv": [4, 3, 0, 2], "texture": "#0"},
				"down": {"uv": [4, 3, 0, 4], "texture": "#0"}
			}
		},
		{
			"from": [10.75, 1, 10],
			"to": [14.75, 1.75, 10.75],
			"rotation": {"angle": 45, "axis": "y", "origin": [11.5, 1.375, 11.375]},
			"faces": {
				"north": {"uv": [0, 0, 4, 1], "texture": "#0"},
				"east": {"uv": [0, 4, 1, 5], "texture": "#0"},
				"south": {"uv": [0, 1, 4, 2], "texture": "#0"},
				"west": {"uv": [4, 0, 5, 1], "texture": "#0"},
				"up": {"uv": [4, 3, 0, 2], "texture": "#0"},
				"down": {"uv": [4, 3, 0, 4], "texture": "#0"}
			}
		},
		{
			"from": [8.75, 1, 12],
			"to": [12.75, 1.75, 12.75],
			"rotation": {"angle": 45, "axis": "y", "origin": [11.5, 1.375, 11.375]},
			"faces": {
				"north": {"uv": [0, 0, 4, 1], "texture": "#0"},
				"east": {"uv": [0, 4, 1, 5], "texture": "#0"},
				"south": {"uv": [0, 1, 4, 2], "texture": "#0"},
				"west": {"uv": [4, 0, 5, 1], "texture": "#0"},
				"up": {"uv": [4, 3, 0, 2], "texture": "#0"},
				"down": {"uv": [4, 3, 0, 4], "texture": "#0"}
			}
		},
		{
			"from": [11.125, 1.75, 6.375],
			"to": [11.875, 2.5, 10.375],
			"rotation": {"angle": -22.5, "axis": "x", "origin": [11.5, 2.375, 9.375]},
			"faces": {
				"north": {"uv": [0, 4, 1, 5], "texture": "#0"},
				"east": {"uv": [0, 1, 4, 2], "texture": "#0"},
				"south": {"uv": [4, 0, 5, 1], "texture": "#0"},
				"west": {"uv": [0, 0, 4, 1], "texture": "#0"},
				"up": {"uv": [4, 3, 0, 2], "rotation": 270, "texture": "#0"},
				"down": {"uv": [4, 3, 0, 4], "rotation": 90, "texture": "#0"}
			}
		},
		{
			"from": [8.25, 1.5, 10],
			"to": [12.25, 2.25, 10.75],
			"rotation": {"angle": -45, "axis": "y", "origin": [11.5, 2.375, 9.375]},
			"faces": {
				"north": {"uv": [0, 1, 4, 2], "texture": "#0"},
				"east": {"uv": [4, 0, 5, 1], "texture": "#0"},
				"south": {"uv": [0, 0, 4, 1], "texture": "#0"},
				"west": {"uv": [0, 4, 1, 5], "texture": "#0"},
				"up": {"uv": [4, 3, 0, 2], "rotation": 180, "texture": "#0"},
				"down": {"uv": [4, 3, 0, 4], "rotation": 180, "texture": "#0"}
			}
		},
		{
			"from": [12.125, 1.25, 7.125],
			"to": [12.875, 2, 11.125],
			"rotation": {"angle": 22.5, "axis": "x", "origin": [11.5, 2.375, 9.375]},
			"faces": {
				"north": {"uv": [0, 4, 1, 5], "texture": "#0"},
				"east": {"uv": [0, 1, 4, 2], "texture": "#0"},
				"south": {"uv": [4, 0, 5, 1], "texture": "#0"},
				"west": {"uv": [0, 0, 4, 1], "texture": "#0"},
				"up": {"uv": [4, 3, 0, 2], "rotation": 270, "texture": "#0"},
				"down": {"uv": [4, 3, 0, 4], "rotation": 90, "texture": "#0"}
			}
		}
	],
	"display": {
		"thirdperson_righthand": {
			"rotation": [70, -52.72, -7.26],
			"translation": [0.25, 6, 3.75],
			"scale": [0.67, 0.67, 0.67]
		},
		"thirdperson_lefthand": {
			"rotation": [70, -52.72, -7.26],
			"translation": [0.25, 6, 3.75],
			"scale": [0.67, 0.67, 0.67]
		},
		"firstperson_righthand": {
			"rotation": [16, -57, 0],
			"translation": [0, 7.5, 0]
		},
		"firstperson_lefthand": {
			"rotation": [16, 115, 0],
			"translation": [0, 7.5, 0]
		},
		"ground": {
			"translation": [0, 2.75, 0],
			"scale": [0.87, 0.87, 0.87]
		},
		"gui": {
			"rotation": [52.5, -31, 0],
			"translation": [0.25, 4, 0],
			"scale": [0.92, 0.92, 0.92]
		},
		"head": {
			"rotation": [0, 170, 0],
			"translation": [-3.5, 13.25, 0.25],
			"scale": [0.88, 0.88, 0.88]
		},
		"fixed": {
			"rotation": [-90, 0, 0],
			"translation": [0, 0, -12.5],
			"scale": [1.93, 1.93, 1.93]
		}
	},
	"groups": [
		{
			"name": "group",
			"origin": [0, 0, 0],
			"color": 0,
			"children": [0, 1, 2, 3, 4, 5, 6, 7, 8]
		},
		{
			"name": "group",
			"origin": [0, 0, 0],
			"color": 0,
			"children": [9, 10, 11, 12, 13, 14, 15, 16]
		},
		17,
		18,
		{
			"name": "group",
			"origin": [0, 0, 0],
			"color": 0,
			"children": [19, 20, 21, 22, 23]
		},
		24,
		25,
		26,
		27,
		28,
		29,
		30
	]
}