{
	"credit": "Made with Blockbench",
	"textures": {
		"0": "item/carved_pumpkin",
		"particle": "item/carved_pumpkin"
	},
	"elements": [
		{
			"from": [5, 3.75, 11],
			"to": [11, 5.75, 11.5],
			"rotation": {"angle": 0, "axis": "y", "origin": [8, 4.75, 8]},
			"faces": {
				"north": {"uv": [0, 0, 6, 2], "texture": "#0"},
				"east": {"uv": [4, 10, 4.5, 12], "texture": "#0"},
				"south": {"uv": [0, 2, 6, 4], "texture": "#0"},
				"west": {"uv": [5, 10, 5.5, 12], "texture": "#0"},
				"up": {"uv": [6, 8.5, 0, 8], "texture": "#0"},
				"down": {"uv": [12, 8, 6, 8.5], "texture": "#0"}
			}
		},
		{
			"from": [5, 3.75, 4.5],
			"to": [11, 5.75, 5],
			"rotation": {"angle": 0, "axis": "y", "origin": [8, 4.75, 8]},
			"faces": {
				"north": {"uv": [0, 4, 6, 6], "texture": "#0"},
				"east": {"uv": [6, 10, 6.5, 12], "texture": "#0"},
				"south": {"uv": [0, 6, 6, 8], "texture": "#0"},
				"west": {"uv": [7, 10, 7.5, 12], "texture": "#0"},
				"up": {"uv": [6, 9.5, 0, 9], "texture": "#0"},
				"down": {"uv": [12, 9, 6, 9.5], "texture": "#0"}
			}
		},
		{
			"from": [11, 3.75, 5],
			"to": [11.5, 5.75, 11],
			"rotation": {"angle": 0, "axis": "y", "origin": [8, 4.75, 8]},
			"faces": {
				"north": {"uv": [8, 10, 8.5, 12], "texture": "#0"},
				"east": {"uv": [6, 0, 12, 2], "texture": "#0"},
				"south": {"uv": [9, 10, 9.5, 12], "texture": "#0"},
				"west": {"uv": [6, 2, 12, 4], "texture": "#0"},
				"up": {"uv": [0.5, 16, 0, 10], "texture": "#0"},
				"down": {"uv": [1.5, 10, 1, 16], "texture": "#0"}
			}
		},
		{
			"from": [4.5, 3.75, 5],
			"to": [5, 5.75, 11],
			"rotation": {"angle": 0, "axis": "y", "origin": [8, 4.75, 8]},
			"faces": {
				"north": {"uv": [10, 10, 10.5, 12], "texture": "#0"},
				"east": {"uv": [6, 4, 12, 6], "texture": "#0"},
				"south": {"uv": [11, 10, 11.5, 12], "texture": "#0"},
				"west": {"uv": [6, 6, 12, 8], "texture": "#0"},
				"up": {"uv": [2.5, 16, 2, 10], "texture": "#0"},
				"down": {"uv": [3.5, 10, 3, 16], "texture": "#0"}
			}
		},
		{
			"from": [11, 3.75, 11],
			"to": [11.25, 5.75, 11.25],
			"rotation": {"angle": 0, "axis": "y", "origin": [8, 4.75, 8]},
			"faces": {
				"north": {"uv": [12, 0, 12.5, 2], "texture": "#0"},
				"east": {"uv": [12, 2, 12.5, 4], "texture": "#0"},
				"south": {"uv": [4, 12, 4.5, 14], "texture": "#0"},
				"west": {"uv": [12, 4, 12.5, 6], "texture": "#0"},
				"up": {"uv": [14.5, 14.5, 14, 14], "texture": "#0"},
				"down": {"uv": [15.5, 0, 15, 0.5], "texture": "#0"}
			}
		},
		{
			"from": [4.75, 3.75, 11],
			"to": [5, 5.75, 11.25],
			"rotation": {"angle": 0, "axis": "y", "origin": [8, 4.75, 8]},
			"faces": {
				"north": {"uv": [5, 12, 5.5, 14], "texture": "#0"},
				"east": {"uv": [6, 12, 6.5, 14], "texture": "#0"},
				"south": {"uv": [12, 6, 12.5, 8], "texture": "#0"},
				"west": {"uv": [7, 12, 7.5, 14], "texture": "#0"},
				"up": {"uv": [15.5, 1.5, 15, 1], "texture": "#0"},
				"down": {"uv": [15.5, 2, 15, 2.5], "texture": "#0"}
			}
		},
		{
			"from": [4.75, 3.75, 4.75],
			"to": [5, 5.75, 5],
			"rotation": {"angle": 0, "axis": "y", "origin": [8, 4.75, 8]},
			"faces": {
				"north": {"uv": [8, 12, 8.5, 14], "texture": "#0"},
				"east": {"uv": [12, 8, 12.5, 10], "texture": "#0"},
				"south": {"uv": [9, 12, 9.5, 14], "texture": "#0"},
				"west": {"uv": [10, 12, 10.5, 14], "texture": "#0"},
				"up": {"uv": [15.5, 3.5, 15, 3], "texture": "#0"},
				"down": {"uv": [4.5, 15, 4, 15.5], "texture": "#0"}
			}
		},
		{
			"from": [11, 3.75, 4.75],
			"to": [11.25, 5.75, 5],
			"rotation": {"angle": 0, "axis": "y", "origin": [8, 4.75, 8]},
			"faces": {
				"north": {"uv": [12, 10, 12.5, 12], "texture": "#0"},
				"east": {"uv": [11, 12, 11.5, 14], "texture": "#0"},
				"south": {"uv": [12, 12, 12.5, 14], "texture": "#0"},
				"west": {"uv": [13, 0, 13.5, 2], "texture": "#0"},
				"up": {"uv": [15.5, 4.5, 15, 4], "texture": "#0"},
				"down": {"uv": [5.5, 15, 5, 15.5], "texture": "#0"}
			}
		},
		{
			"from": [6.1, 6.75, 11],
			"to": [6.9, 7.75, 11.5],
			"faces": {
				"north": {"uv": [13, 2, 14, 3], "texture": "#0"},
				"east": {"uv": [6, 14, 6.5, 15], "texture": "#0"},
				"south": {"uv": [13, 3, 14, 4], "texture": "#0"},
				"west": {"uv": [14, 6, 14.5, 7], "texture": "#0"},
				"up": {"uv": [8, 14.5, 7, 14], "texture": "#0"},
				"down": {"uv": [15, 7, 14, 7.5], "texture": "#0"}
			}
		},
		{
			"from": [9.1, 6.75, 11],
			"to": [9.9, 7.75, 11.5],
			"faces": {
				"north": {"uv": [13, 4, 14, 5], "texture": "#0"},
				"east": {"uv": [8, 14, 8.5, 15], "texture": "#0"},
				"south": {"uv": [13, 5, 14, 6], "texture": "#0"},
				"west": {"uv": [14, 8, 14.5, 9], "texture": "#0"},
				"up": {"uv": [10, 14.5, 9, 14], "texture": "#0"},
				"down": {"uv": [15, 9, 14, 9.5], "texture": "#0"}
			}
		},
		{
			"from": [9.2, 7.75, 11.25],
			"to": [9.8, 8.25, 11.75],
			"faces": {
				"north": {"uv": [15, 5, 15.5, 5.5], "texture": "#0"},
				"east": {"uv": [6, 15, 6.5, 15.5], "texture": "#0"},
				"south": {"uv": [15, 6, 15.5, 6.5], "texture": "#0"},
				"west": {"uv": [7, 15, 7.5, 15.5], "texture": "#0"},
				"up": {"uv": [15.5, 7.5, 15, 7], "texture": "#0"},
				"down": {"uv": [8.5, 15, 8, 15.5], "texture": "#0"}
			}
		},
		{
			"from": [6.2, 7.75, 11.25],
			"to": [6.8, 8.25, 11.75],
			"faces": {
				"north": {"uv": [15, 8, 15.5, 8.5], "texture": "#0"},
				"east": {"uv": [9, 15, 9.5, 15.5], "texture": "#0"},
				"south": {"uv": [15, 9, 15.5, 9.5], "texture": "#0"},
				"west": {"uv": [10, 15, 10.5, 15.5], "texture": "#0"},
				"up": {"uv": [15.5, 10.5, 15, 10], "texture": "#0"},
				"down": {"uv": [11.5, 15, 11, 15.5], "texture": "#0"}
			}
		},
		{
			"from": [5.9, 5.75, 11],
			"to": [7.1, 6.75, 11.5],
			"faces": {
				"north": {"uv": [13, 6, 14, 7], "texture": "#0"},
				"east": {"uv": [10, 14, 10.5, 15], "texture": "#0"},
				"south": {"uv": [13, 7, 14, 8], "texture": "#0"},
				"west": {"uv": [14, 10, 14.5, 11], "texture": "#0"},
				"up": {"uv": [12, 14.5, 11, 14], "texture": "#0"},
				"down": {"uv": [15, 11, 14, 11.5], "texture": "#0"}
			}
		},
		{
			"from": [8.9, 5.75, 11],
			"to": [10.1, 6.75, 11.5],
			"faces": {
				"north": {"uv": [13, 8, 14, 9], "texture": "#0"},
				"east": {"uv": [12, 14, 12.5, 15], "texture": "#0"},
				"south": {"uv": [13, 9, 14, 10], "texture": "#0"},
				"west": {"uv": [14, 12, 14.5, 13], "texture": "#0"},
				"up": {"uv": [14, 14.5, 13, 14], "texture": "#0"},
				"down": {"uv": [15, 13, 14, 13.5], "texture": "#0"}
			}
		},
		{
			"from": [6.1, 7.5, 11.75],
			"to": [7.1, 8.5, 12.75],
			"faces": {
				"north": {"uv": [13, 10, 14, 11], "texture": "#0"},
				"east": {"uv": [13, 11, 14, 12], "texture": "#0"},
				"south": {"uv": [13, 12, 14, 13], "texture": "#0"},
				"west": {"uv": [13, 13, 14, 14], "texture": "#0"},
				"up": {"uv": [15, 1, 14, 0], "texture": "#0"},
				"down": {"uv": [15, 1, 14, 2], "texture": "#0"}
			}
		},
		{
			"from": [9.1, 7.5, 11.75],
			"to": [10.1, 8.5, 12.75],
			"faces": {
				"north": {"uv": [14, 2, 15, 3], "texture": "#0"},
				"east": {"uv": [14, 3, 15, 4], "texture": "#0"},
				"south": {"uv": [4, 14, 5, 15], "texture": "#0"},
				"west": {"uv": [14, 4, 15, 5], "texture": "#0"},
				"up": {"uv": [6, 15, 5, 14], "texture": "#0"},
				"down": {"uv": [15, 5, 14, 6], "texture": "#0"}
			}
		}
	],
	"display": {
		"thirdperson_righthand": {
			"rotation": [-90, 90, -180],
			"translation": [0, -2, 10],
			"scale": [0.68, 0.68, 0.68]
		},
		"thirdperson_lefthand": {
			"rotation": [-90, 90, -180],
			"translation": [0, -2, 10],
			"scale": [0.68, 0.68, 0.68]
		},
		"firstperson_righthand": {
			"rotation": [-28.76, -50.89, -24.11],
			"translation": [0.5, 6.75, 0.5]
		},
		"firstperson_lefthand": {
			"rotation": [-28.76, -50.89, -24.11],
			"translation": [0.5, 6.75, 0.5]
		},
		"gui": {
			"rotation": [13, -16, 0],
			"translation": [0, 5, 0],
			"scale": [1.79, 1.79, 1.79]
		},
		"head": {
			"rotation": [0, 180, 0],
			"translation": [0, 10.75, 0],
			"scale": [2.25, 2.25, 2.25]
		},
		"fixed": {
			"rotation": [-90, 180, 0],
			"translation": [0, 0, -6.75],
			"scale": [2.14, 2.14, 2.14]
		}
	},
	"groups": [
		{
			"name": "group",
			"origin": [0, 0, 0],
			"color": 0,
			"children": [0, 1, 2, 3, 4, 5, 6, 7, 8, 9, 10, 11, 12, 13, 14, 15]
		}
	]
}