{
	"credit": "Made with Blockbench",
	"textures": {
		"0": "item/gennama_front",
		"1": "item/gennama_back",
		"2": "item/gennama_belt",
		"particle": "item/gennama_front"
	},
	"elements": [
		{
			"name": "gennama_front_0",
			"from": [0, 1, 4],
			"to": [16, 2.25, 12],
			"faces": {
				"north": {"uv": [16, 0, 0, 0.5], "texture": "#0"},
				"east": {"uv": [15.75, 0, 16, 16], "rotation": 90, "texture": "#0"},
				"south": {"uv": [0, 15.5, 16, 16], "texture": "#0"},
				"west": {"uv": [0, 0, 0.25, 16], "rotation": 270, "texture": "#0"},
				"up": {"uv": [0, 0, 16, 16], "texture": "#0"},
				"down": {"uv": [0, 16, 16, 0], "texture": "#0"}
			}
		},
		{
			"name": "gennama_back_0",
			"from": [0, 0, 4],
			"to": [16, 1.25, 12],
			"rotation": {"angle": 0, "axis": "z", "origin": [8, 0.625, 8]},
			"faces": {
				"north": {"uv": [16, 0, 0, 0.5], "rotation": 180, "texture": "#1"},
				"east": {"uv": [0, 0, 0.25, 16], "rotation": 90, "texture": "#1"},
				"south": {"uv": [0, 15.5, 16, 16], "rotation": 180, "texture": "#1"},
				"west": {"uv": [15.75, 0, 16, 16], "rotation": 270, "texture": "#1"},
				"up": {"uv": [0, 16, 16, 0], "rotation": 180, "texture": "#1"},
				"down": {"uv": [0, 0, 16, 16], "rotation": 180, "texture": "#1"}
			}
		},
		{
			"from": [7, 2, 4],
			"to": [9, 2.5, 12],
			"faces": {
				"north": {"uv": [6, 10, 8, 10.5], "texture": "#2"},
				"east": {"uv": [4, 8, 12, 8.5], "texture": "#2"},
				"south": {"uv": [8, 10, 10, 10.5], "texture": "#2"},
				"west": {"uv": [8, 6, 16, 6.5], "texture": "#2"},
				"up": {"uv": [2, 8, 0, 0], "texture": "#2"},
				"down": {"uv": [4, 0, 2, 8], "texture": "#2"}
			}
		},
		{
			"from": [7, -0.25, 4],
			"to": [9, 0.25, 12],
			"faces": {
				"north": {"uv": [10, 10, 12, 10.5], "texture": "#2"},
				"east": {"uv": [8, 7, 16, 7.5], "texture": "#2"},
				"south": {"uv": [0, 11, 2, 11.5], "texture": "#2"},
				"west": {"uv": [4, 9, 12, 9.5], "texture": "#2"},
				"up": {"uv": [6, 8, 4, 0], "texture": "#2"},
				"down": {"uv": [8, 0, 6, 8], "texture": "#2"}
			}
		},
		{
			"from": [7, -0.25, 3.75],
			"to": [9, 2.5, 4],
			"faces": {
				"north": {"uv": [0, 8, 2, 11], "texture": "#2"},
				"east": {"uv": [10, 0, 10.5, 3], "texture": "#2"},
				"south": {"uv": [8, 0, 10, 3], "texture": "#2"},
				"west": {"uv": [10, 3, 10.5, 6], "texture": "#2"},
				"up": {"uv": [13, 0.5, 11, 0], "texture": "#2"},
				"down": {"uv": [13, 1, 11, 1.5], "texture": "#2"}
			}
		},
		{
			"from": [7, -0.25, 12],
			"to": [9, 2.5, 12.25],
			"faces": {
				"north": {"uv": [2, 8, 4, 11], "texture": "#2"},
				"east": {"uv": [4, 10, 4.5, 13], "texture": "#2"},
				"south": {"uv": [8, 3, 10, 6], "texture": "#2"},
				"west": {"uv": [5, 10, 5.5, 13], "texture": "#2"},
				"up": {"uv": [4, 11.5, 2, 11], "texture": "#2"},
				"down": {"uv": [13, 2, 11, 2.5], "texture": "#2"}
			}
		}
	],
	"display": {
		"thirdperson_righthand": {
			"rotation": [70, -15, 0],
			"translation": [-2, 3, 2.5],
			"scale": [0.44, 0.44, 0.44]
		},
		"thirdperson_lefthand": {
			"rotation": [70, -15, 0],
			"translation": [-2, 3, 2.5],
			"scale": [0.44, 0.44, 0.44]
		},
		"firstperson_righthand": {
			"rotation": [47.71, -34.65, 31.99],
			"translation": [0, 9.25, 0]
		},
		"firstperson_lefthand": {
			"rotation": [87, -48.83, -110.97],
			"translation": [10, -0.75, -7.75]
		},
		"ground": {
			"translation": [0, 1.5, 0],
			"scale": [0.51, 0.51, 0.51]
		},
		"gui": {
			"rotation": [60.4, -21.98, 6.58],
			"translation": [-0.5, 2.5, 0],
			"scale": [0.87, 0.87, 0.87]
		},
		"head": {
			"rotation": [104, 0, 180],
			"translation": [0, -5, -12],
			"scale": [0.67, 0.67, 0.67]
		},
		"fixed": {
			"rotation": [-90, 0, 0],
			"translation": [0, 0, -6.25]
		}
	},
	"groups": [
		{
			"name": "group",
			"origin": [8, 8, 8],
			"color": 0,
			"children": [
				{
					"name": "gennama_front",
					"origin": [8, 8, 8],
					"color": 0,
					"children": [0]
				},
				{
					"name": "gennama_back",
					"origin": [8, 8, 8],
					"color": 0,
					"children": [1]
				}
			]
		},
		{
			"name": "group",
			"origin": [0, 0, 0],
			"color": 0,
			"children": [2, 3, 4, 5]
		}
	]
}