{
  "blend": {
    "func": "add",
    "srcrgb": "one",
    "dstrgb": "zero"
  },
  "vertex": "screenquad",
  "fragment": "outline/combine_final_if",
  "attributes": ["Position"],
  "samplers": [
    { "name": "DiffuseSampler" },
    { "name": "FinalSampler" },
    { "name": "ColorSampler" },
    { "name": "TimeStampSampler" }
  ],
  "uniforms": [
    {
      "name": "ProjMat",
      "type": "matrix4x4",
      "count": 16,
      "values": [
        1.0, 0.0, 0.0, 0.0, 0.0, 1.0, 0.0, 0.0, 0.0, 0.0, 1.0, 0.0, 0.0, 0.0,
        0.0, 1.0
      ]
    },
    { "name": "OutSize", "type": "float", "count": 2, "values": [1.0, 1.0] }
  ]
}
