{
  "blend": {
    "func": "add",
    "srcrgb": "one",
    "dstrgb": "zero"
  },
  "vertex": "outline/copy",
  "fragment": "blit",
  "attributes": ["Position"],
  "samplers": [{ "name": "DiffuseSampler" }],
  "uniforms": [
    {
      "name": "ProjMat",
      "type": "matrix4x4",
      "count": 16,
      "values": [
        1.0, 0.0, 0.0, 0.0, 0.0, 1.0, 0.0, 0.0, 0.0, 0.0, 1.0, 0.0, 0.0, 0.0,
        0.0, 1.0
      ]
    },
    { "name": "InSize", "type": "float", "count": 2, "values": [1.0, 1.0] },
    { "name": "OutSize", "type": "float", "count": 2, "values": [1.0, 1.0] },
    { "name": "Time", "type": "float", "count": 1, "values": [0.0] },
    {
      "name": "ColorModulate",
      "type": "float",
      "count": 4,
      "values": [1.0, 1.0, 1.0, 1.0]
    }
  ]
}
