{
  "blend": {
    "func": "add",
    "srcrgb": "one",
    "dstrgb": "zero"
  },
  "vertex": "outline/copy",
  "fragment": "outline/timestamp",
  "attributes": ["Position"],
  "samplers": [
    { "name": "DiffuseSampler" },
    { "name": "ParticleSampler" },
    { "name": "ColorSampler" }
  ],
  "uniforms": [
    {
      "name": "ProjMat",
      "type": "matrix4x4",
      "count": 16,
      "values": [
        1.0, 0.0, 0.0, 0.0, 0.0, 1.0, 0.0, 0.0, 0.0, 0.0, 1.0, 0.0, 0.0, 0.0,
        0.0, 1.0
      ]
    },
    { "name": "OutSize", "type": "float", "count": 2, "values": [1.0, 1.0] },
    { "name": "Time", "type": "float", "count": 1, "values": [1.0] }
  ]
}
